game_id,cause,end_time,game_id,result,start_time,team
0,Draw,29:26:00,0,Turnover,0:00,opponent
1,Turnover,29:09:00,0,Clear,29:23:00,Navy
2,Clear,28:56:00,0,Goal,29:09:00,Navy
3,Draw,28:29:00,0,Goal,0:00,Navy
4,Draw,27:33:00,0,Shot,0:00,Navy
5,Shot,27:25:00,0,Goal,27:33:00,Navy
6,Draw,27:00:00,0,Goal,0:00,Navy
7,Draw,26:20:00,0,Shot,0:00,Navy
8,Shot,26:18:00,0,Goal,26:20:00,Navy
9,Draw,25:27:00,0,Goal,0:00,Navy
10,Draw,25:21:00,0,Shot,0:00,Navy
11,Shot,25:11:00,0,Turnover,25:21:00,Navy
12,Turnover,24:52:00,0,Clear,25:08:00,opponent
13,Clear,24:36:00,0,Turnover,24:52:00,opponent
14,Turnover,24:16:00,0,Clear,24:27:00,Navy
15,Clear,23:56,0,Shot,24:16:00,Navy
16,Turnover,23:26,0,Clear,23:50,opponent
17,Clear,23:24,0,Turnover,23:26,opponent
18,Turnover,22:51,0,Goal,23:13,Navy
19,Draw,22:37,0,Shot,0:00,Navy
20,Turnover,22:12,0,Shot,22:34,Navy
21,Turnover,21:42,0,Clear,22:09,opponent
22,Clear,21:24,0,Shot,21:42,opponent
23,Shot,20:46,0,Shot,21:24,opponent
24,Shot,20:46,0,Shot,20:46,opponent
25,Shot,20:24,0,Clear,20:46,opponent
26,Clear,20:13,0,Shot,20:24,Navy
27,Turnover,19:53,0,Shot,20:08,Navy
28,Shot,19:25,0,Clear,19:53,Navy
29,Clear,19:01,0,Shot,19:25,opponent
30,Shot,18:43,0,Turnover,19:01,opponent
31,Turnover,18:35,0,Clear,18:43,Navy
32,Clear,18:03,0,Goal,18:35,Navy
33,Draw,17:32,0,Shot,0:00,opponent
34,Shot,16:57,0,Turnover,17:32,opponent
35,Turnover,16:47,0,Clear,16:54,Navy
36,Clear,16:24,0,Goal,16:47,Navy
37,Draw,16:13,0,Shot,0:00,opponent
38,Turnover,16:03,0,Turnover,16:07,opponent
39,Turnover,15:51,0,Clear,16:03,Navy
40,Clear,15:13,0,Goal,15:51,Navy
41,Draw,13:06,0,Turnover,0:00,Navy
42,Turnover,12:37,0,Clear,13:06,opponent
43,Clear,12:22,0,Turnover,12:37,opponent
44,Turnover,12:10,0,Clear,12:19,Navy
45,Clear,11:34,0,Goal,12:10,Navy
46,Draw,9:56,0,Turnover,0:00,Navy
47,Turnover,9:44,0,Clear,9:50,opponent
48,Clear,9:39,0,Shot,9:44,opponent
49,Turnover,9:10,0,Goal,9:35,opponent
50,Draw,8:43,0,Shot,0:00,opponent
51,Turnover,8:26,0,Goal,8:37,opponent
52,Draw,7:53,0,Goal,0:00,opponent
53,Draw,7:27,0,Clear,0:00,Navy
54,Clear,6:59,0,Goal,7:27,Navy
55,Draw,6:02,0,Turnover,0:00,Navy
56,Turnover,5:40,0,Clear,6:02,opponent
57,Clear,5:39,0,Turnover,5:40,opponent
58,Turnover,4:57,0,Goal,5:36,Navy
59,Draw,3:37,0,Shot,0:00,Navy
60,Shot,3:25,0,Goal,3:37,Navy
61,Draw,1:10,0,Turnover,0:00,Navy
62,Turnover,1:03,0,Clear,1:05,opponent
63,Clear,1:01,0,Turnover,1:03,opponent
64,Turnover,0:55,0,Goal,0:58,Navy
65,Draw,0:06,0,Turnover,0:00,Navy
66,Turnover,0:00,0,Shot,0:04,opponent
67,Draw,29:11:00,0,Shot,0:00,opponent
68,Turnover,29:00:00,0,Clear,29:09:00,Navy
69,Clear,28:50:00,0,Shot,29:00:00,Navy
70,Shot,28:38:00,0,Clear,28:50:00,Navy
71,Clear,27:40:00,0,Turnover,28:38:00,opponent
72,Turnover,27:31:00,0,Clear,27:37:00,Navy
73,Clear,27:24:00,0,Turnover,27:31:00,Navy
74,Turnover,27:08:00,0,Clear,27:13:00,opponent
75,Clear,27:06:00,0,Shot,27:08:00,opponent
76,Turnover,26:51:00,0,Shot,27:03:00,opponent
77,Turnover,26:44:00,0,Shot,26:48:00,opponent
78,Shot,26:31:00,0,Clear,26:44:00,opponent
79,Clear,26:26:00,0,Shot,26:31:00,Navy
80,Shot,26:01:00,0,Clear,26:26:00,Navy
81,Clear,25:39:00,0,Goal,26:01:00,opponent
82,Draw,24:03:00,0,Turnover,0:00,Navy
83,Turnover,23:43,0,Clear,24:00:00,opponent
84,Clear,23:02,0,Shot,23:43,opponent
85,Shot,22:40,0,Clear,23:02,opponent
86,Clear,22:10,0,Turnover,22:40,Navy
87,Turnover,21:52,0,Clear,22:10,opponent
88,Clear,20:49,0,Shot,21:52,opponent
89,Turnover,20:32,0,Clear,20:46,Navy
90,Clear,19:40,0,Goal,20:32,Navy
91,Draw,18:33,0,Shot,0:00,Navy
92,Turnover,17:25,0,Goal,18:31,Navy
93,Draw,15:59,0,Shot,0:00,Navy
94,Shot,15:04,0,Turnover,15:59,opponent
95,Turnover,14:52,0,Clear,14:59,Navy
96,Clear,14:48,0,Shot,14:52,Navy
97,Shot,14:26,0,Turnover,14:48,Navy
98,Turnover,14:13,0,Clear,14:18,opponent
99,Clear,14:11,0,Shot,14:13,opponent
100,Shot,13:52,0,Clear,14:11,opponent
101,Clear,13:21,0,Shot,13:52,Navy
102,Shot,12:59,0,Clear,13:21,Navy
103,Clear,12:36,0,Goal,12:59,opponent
104,Draw,10:21,0,Turnover,0:00,opponent
105,Turnover,10:10,0,Clear,10:16,Navy
106,Clear,10:06,0,Shot,10:10,Navy
107,Shot,9:51,0,Turnover,10:06,Navy
108,Turnover,9:39,0,Clear,9:46,opponent
109,Clear,9:37,0,Turnover,9:39,opponent
110,Turnover,9:30,0,Clear,9:35,Navy
111,Clear,9:29,0,Turnover,9:30,Navy
112,Turnover,8:42,0,Goal,9:29,opponent
113,Draw,7:18,0,Shot,0:00,opponent
114,Turnover,6:53,0,Clear,7:10,Navy
115,Clear,6:52,0,Turnover,6:53,Navy
116,Turnover,6:45,0,Goal,6:47,opponent
117,Draw,5:32,0,Shot,0:00,opponent
118,Shot,5:04,0,Goal,5:32,opponent
119,Draw,4:25,0,Goal,0:00,opponent
120,Draw,3:13,0,Turnover,0:00,opponent
121,Turnover,3:02,0,Clear,3:07,Navy
122,Clear,2:56,0,Turnover,3:02,Navy
123,Turnover,2:47,0,Clear,2:49,opponent
124,Clear,2:45,0,Shot,2:47,opponent
125,Shot,2:08,0,Goal,2:45,opponent
126,Draw,1:50,0,Clear,0:00,opponent
127,Clear,1:49,0,Turnover,1:50,opponent
128,Turnover,0:41,0,Goal,1:46,Navy
129,Draw,0:34,0,Goal,0:00,Navy
130,Draw,0:14,0,Goal,0:00,Navy
131,Draw,28:57:00,1,Turnover,0:00,Navy
132,Turnover,28:48:00,1,Clear,28:54:00,opponent
133,Clear,28:42:00,1,Turnover,28:48:00,opponent
134,Turnover,28:15:00,1,Shot,28:38:00,Navy
135,Shot,28:01:00,1,Goal,28:15:00,Navy
136,Draw,27:45:00,1,Turnover,0:00,opponent
137,Turnover,27:36:00,1,Clear,27:42:00,Navy
138,Clear,27:27:00,1,Shot,27:36:00,Navy
139,Shot,27:05:00,1,Goal,27:27:00,Navy
140,Draw,26:53:00,1,Turnover,0:00,opponent
141,Turnover,25:49:00,1,Goal,26:53:00,Navy
142,Draw,24:51:00,1,Goal,0:00,Navy
143,Draw,23:45,1,Shot,0:00,Navy
144,Shot,23:31,1,Goal,23:45,Navy
145,Draw,23:00,1,Turnover,0:00,opponent
146,Turnover,22:27,1,Clear,22:56,Navy
147,Clear,22:03,1,Goal,22:27,Navy
148,Draw,21:25,1,Turnover,0:00,opponent
149,Turnover,20:58,1,Clear,21:18,Navy
150,Clear,20:36,1,Goal,20:58,Navy
151,Draw,20:20,1,Clear,0:00,Navy
152,Clear,19:27,1,Goal,20:20,Navy
153,Draw,18:58,1,Goal,0:00,opponent
154,Draw,18:34,1,Shot,0:00,Navy
155,Shot,18:04,1,Goal,18:34,Navy
156,Draw,17:26,1,Turnover,0:00,Navy
157,Turnover,17:02,1,Clear,17:23,opponent
158,Clear,16:52,1,Turnover,17:02,opponent
159,Turnover,16:28,1,Clear,16:49,Navy
160,Clear,15:48,1,Shot,16:28,Navy
161,Turnover,15:26,1,Clear,15:44,opponent
162,Clear,14:57,1,Shot,15:26,opponent
163,Shot,14:47,1,Clear,14:57,opponent
164,Clear,14:45,1,Turnover,14:47,Navy
165,Turnover,13:56,1,Shot,14:45,opponent
166,Shot,13:33,1,Clear,13:56,opponent
167,Clear,13:30,1,Shot,13:33,Navy
168,Shot,13:03,1,Turnover,13:30,Navy
169,Turnover,12:57,1,Clear,13:00,opponent
170,Clear,12:49,1,Turnover,12:57,opponent
171,Turnover,12:34,1,Clear,12:45,Navy
172,Clear,11:56,1,Goal,12:34,Navy
173,Draw,11:13,1,Goal,0:00,opponent
174,Draw,10:33,1,Goal,0:00,opponent
175,Draw,9:26,1,Shot,0:00,opponent
176,Shot,9:24,1,Shot,9:26,opponent
177,Shot,9:04,1,Shot,9:24,opponent
178,Shot,8:52,1,Turnover,9:04,opponent
179,Turnover,8:39,1,Clear,8:49,Navy
180,Clear,7:47,1,Goal,8:39,Navy
181,Draw,7:01,1,Shot,0:00,opponent
182,Shot,6:45,1,Shot,7:01,opponent
183,Shot,6:35,1,Shot,6:45,opponent
184,Turnover,6:24,1,Clear,6:31,Navy
185,Clear,5:57,1,Shot,6:24,Navy
186,Shot,5:30,1,Turnover,5:57,Navy
187,Turnover,5:13,1,Clear,5:27,opponent
188,Clear,4:28,1,Goal,5:13,opponent
189,Draw,4:03,1,Goal,0:00,Navy
190,Draw,3:55,1,Turnover,0:00,Navy
191,Turnover,3:49,1,Clear,3:53,opponent
192,Clear,3:48,1,Turnover,3:49,opponent
193,Turnover,3:44,1,Goal,3:45,Navy
194,Draw,3:10,1,Goal,0:00,Navy
195,Draw,1:33,1,Turnover,0:00,opponent
196,Turnover,1:16,1,Clear,1:29,Navy
197,Clear,0:53,1,Goal,1:16,Navy
198,Draw,29:09:00,1,Shot,0:00,Navy
199,Shot,28:34:00,1,Clear,29:09:00,Navy
200,Clear,27:56:00,1,Goal,28:34:00,opponent
201,Draw,26:12:00,1,Shot,0:00,Navy
202,Shot,25:33:00,1,Clear,26:12:00,Navy
203,Clear,25:18:00,1,Turnover,25:33:00,opponent
204,Turnover,25:08:00,1,Clear,25:15:00,Navy
205,Clear,24:22:00,1,Goal,25:08:00,Navy
206,Draw,22:18,1,Shot,0:00,Navy
207,Turnover,20:25,1,Goal,22:13,Navy
208,Draw,19:50,1,Goal,0:00,Navy
209,Draw,19:05,1,Goal,0:00,Navy
210,Draw,18:57,1,Turnover,0:00,opponent
211,Turnover,18:47,1,Turnover,18:54,Navy
212,Turnover,18:26,1,Clear,18:45,opponent
213,Clear,18:25,1,Turnover,18:26,opponent
214,Turnover,18:05,1,Clear,18:25,Navy
215,Clear,17:44,1,Shot,18:05,Navy
216,Shot,16:50,1,Shot,17:44,Navy
217,Shot,16:24,1,Shot,16:50,Navy
218,Shot,16:13,1,Turnover,16:24,Navy
219,Turnover,16:03,1,Clear,16:07,opponent
220,Clear,14:52,1,Turnover,16:03,opponent
221,Turnover,14:42,1,Clear,14:46,Navy
222,Clear,14:40,1,Goal,14:42,Navy
223,Draw,13:59,1,Goal,0:00,opponent
224,Draw,12:31,1,Goal,0:00,Navy
225,Draw,11:17,1,Turnover,0:00,Navy
226,Turnover,10:50,1,Clear,11:17,opponent
227,Clear,10:23,1,Turnover,10:50,opponent
228,Turnover,10:17,1,Clear,10:20,Navy
229,Clear,9:47,1,Turnover,10:17,Navy
230,Turnover,9:23,1,Clear,9:42,opponent
231,Clear,8:55,1,Turnover,9:23,opponent
232,Turnover,8:41,1,Clear,8:52,Navy
233,Clear,8:25,1,Shot,8:41,Navy
234,Shot,8:01,1,Shot,8:25,Navy
235,Shot,7:44,1,Clear,8:01,Navy
236,Clear,7:10,1,Goal,7:44,opponent
237,Draw,6:32,1,Turnover,0:00,opponent
238,Turnover,6:12,1,Clear,6:21,Navy
239,Clear,5:43,1,Shot,6:12,Navy
240,Shot,5:20,1,Clear,5:43,Navy
241,Clear,5:00,1,Shot,5:20,opponent
242,Shot,4:37,1,Turnover,5:00,opponent
243,Turnover,4:26,1,Clear,4:34,Navy
244,Clear,3:46,1,Turnover,4:26,Navy
245,Turnover,3:39,1,Clear,3:43,opponent
246,Clear,3:14,1,Goal,3:39,opponent
247,Draw,1:49,1,Turnover,0:00,opponent
248,Turnover,1:42,1,Clear,1:46,Navy
249,Clear,0:50,1,Turnover,1:42,opponent
250,Turnover,1:30,1,Turnover,0:50,Navy
251,Turnover,0:00,1,Shot,1:30,Navy
252,Draw,29:16:00,2,Shot,0:00,opponent
253,Turnover,28:36:00,2,Goal,29:06:00,opponent
254,Draw,28:12:00,2,Goal,0:00,Navy
255,Draw,27:30:00,2,Goal,0:00,Navy
256,Draw,27:15:00,2,Shot,0:00,Navy
257,Turnover,27:02:00,2,Goal,27:12:00,Navy
258,Draw,26:13:00,2,Shot,0:00,opponent
259,Turnover,25:57:00,2,Clear,26:11:00,Navy
260,Clear,25:26:00,2,Shot,25:57:00,Navy
261,Turnover,25:15:00,2,Shot,25:24:00,Navy
262,Shot,24:47:00,2,Turnover,25:15:00,opponent
263,Turnover,24:19:00,2,Goal,24:45:00,Navy
264,Draw,23:26,2,Goal,0:00,Navy
265,Draw,23:11,2,Goal,0:00,Navy
266,Draw,22:36,2,Turnover,0:00,Navy
267,Turnover,22:07,2,Clear,22:36,opponent
268,Clear,21:32,2,Shot,22:07,opponent
269,Shot,21:03,2,Clear,21:32,opponent
270,Clear,20:48,2,Shot,21:03,Navy
271,Shot,20:25,2,Clear,20:48,Navy
272,Clear,19:43,2,Shot,20:25,opponent
273,Turnover,19:31,2,Clear,19:42,Navy
274,Clear,19:02,2,Turnover,19:31,opponent
275,Turnover,18:57,2,Clear,19:02,Navy
276,Clear,18:36,2,Shot,18:57,opponent
277,Shot,18:27,2,Shot,18:36,opponent
278,Turnover,17:56,2,Goal,18:23,opponent
279,Draw,17:40,2,Shot,0:00,Navy
280,Turnover,17:04,2,Goal,17:34,Navy
281,Draw,16:48,2,Shot,0:00,Navy
282,Shot,16:40,2,Shot,16:48,Navy
283,Shot,16:09,2,Shot,16:40,Navy
284,Shot,15:41,2,Shot,16:09,Navy
285,Shot,15:24,2,Clear,15:41,Navy
286,Clear,14:53,2,Shot,15:24,opponent
287,Shot,14:31,2,Turnover,14:53,opponent
288,Turnover,14:00,2,Clear,14:31,Navy
289,Clear,13:40,2,Turnover,14:00,Navy
290,Turnover,13:20,2,Clear,13:35,opponent
291,Clear,12:32,2,Goal,13:20,opponent
292,Draw,12:04,2,Shot,0:00,opponent
293,Shot,11:31,2,Shot,12:04,opponent
294,Turnover,11:13,2,Shot,11:27,opponent
295,Shot,11:06,2,Turnover,11:13,opponent
296,Turnover,10:48,2,Clear,11:00,Navy
297,Clear,10:30,2,Shot,10:48,Navy
298,Turnover,10:22,2,Shot,10:26,Navy
299,Shot,10:00,2,Clear,10:22,Navy
300,Clear,9:22,2,Shot,10:00,opponent
301,Turnover,9:15,2,Shot,9:16,opponent
302,Shot,9:06,2,Shot,9:15,opponent
303,Shot,8:10,2,Goal,9:06,opponent
304,Draw,7:51,2,Shot,0:00,Navy
305,Turnover,7:47,2,Goal,7:49,Navy
306,Draw,7:15,2,Turnover,0:00,Navy
307,Turnover,6:31,2,Goal,7:14,opponent
308,Draw,5:32,2,Goal,0:00,Navy
309,Draw,5:09,2,Goal,0:00,Navy
310,Draw,4:20,2,Shot,0:00,Navy
311,Shot,4:06,2,Clear,4:20,Navy
312,Clear,3:36,2,Shot,4:06,opponent
313,Shot,3:22,2,Goal,3:36,opponent
314,Draw,2:45,2,Turnover,0:00,Navy
315,Turnover,2:31,2,Clear,2:43,opponent
316,Clear,2:06,2,Shot,2:31,opponent
317,Turnover,1:51,2,Clear,2:04,Navy
318,Clear,1:43,2,Shot,1:51,Navy
319,Turnover,0:51,2,Clear,1:35,opponent
320,Clear,0:34,2,Turnover,0:51,opponent
321,Turnover,0:04,2,Goal,0:34,Navy
322,Draw,29:54:00,2,Turnover,0:00,Navy
323,Turnover,28:58:00,2,Shot,29:54:00,opponent
324,Shot,28:47:00,2,Clear,28:58:00,opponent
325,Clear,27:55:00,2,Goal,28:47:00,Navy
326,Draw,26:48:00,2,Shot,0:00,Navy
327,Shot,26:32:00,2,Clear,26:48:00,Navy
328,Clear,26:03:00,2,Goal,26:32:00,opponent
329,Draw,25:00:00,2,Goal,0:00,Navy
330,Draw,24:06:00,2,Shot,0:00,opponent
331,Shot,23:59,2,Clear,24:06:00,opponent
332,Clear,23:22,2,Goal,23:59,Navy
333,Draw,22:50,2,Shot,0:00,Navy
334,Shot,22:26,2,Shot,22:50,Navy
335,Shot,22:10,2,Clear,22:26,Navy
336,Clear,22:08,2,Turnover,22:10,opponent
337,Turnover,21:12,2,Turnover,22:04,Navy
338,Turnover,21:06,2,Clear,21:07,opponent
339,Clear,20:12,2,Shot,21:06,opponent
340,Shot,19:45,2,Shot,20:12,opponent
341,Turnover,19:33,2,Clear,19:41,Navy
342,Clear,19:24,2,Shot,19:33,Navy
343,Shot,18:41,2,Clear,19:24,Navy
344,Clear,18:20,2,Turnover,18:41,opponent
345,Turnover,18:06,2,Clear,18:17,Navy
346,Clear,17:21,2,Shot,18:06,Navy
347,Shot,17:11,2,Clear,17:21,Navy
348,Clear,16:37,2,Shot,17:11,opponent
349,Shot,16:26,2,Clear,16:37,opponent
350,Clear,15:58,2,Goal,16:26,Navy
351,Draw,15:31,2,Goal,0:00,opponent
352,Draw,14:26,2,Shot,0:00,Navy
353,Shot,14:06,2,Clear,14:26,Navy
354,Clear,14:00,2,Shot,14:06,opponent
355,Turnover,13:38,2,Clear,13:58,Navy
356,Clear,12:37,2,Goal,13:38,Navy
357,Draw,11:29,2,Goal,0:00,Navy
358,Draw,10:42,2,Turnover,0:00,opponent
359,Turnover,10:29,2,Clear,10:38,Navy
360,Clear,9:35,2,Shot,10:29,Navy
361,Shot,9:22,2,Goal,9:35,Navy
362,Draw,6:38,2,Goal,0:00,Navy
363,Draw,5:10,2,Shot,0:00,Navy
364,Shot,4:55,2,Clear,5:10,Navy
365,Clear,4:48,2,Goal,4:55,opponent
366,Draw,3:27,2,Turnover,0:00,Navy
367,Turnover,3:11,2,Clear,3:27,opponent
368,Clear,3:00,2,Goal,3:11,opponent
369,Draw,1:35,2,Goal,0:00,Navy
370,Draw,29:28:00,5,Shot,0:00,Navy
371,Shot,28:43:00,5,Clear,29:28:00,Navy
372,Clear,28:38:00,5,Goal,28:43:00,opponent
373,Draw,27:58:00,5,Goal,0:00,Navy
374,Draw,27:36:00,5,Turnover,0:00,Navy
375,Turnover,27:27:00,5,Clear,27:34:00,opponent
376,Clear,27:07:00,5,Goal,27:27:00,opponent
377,Draw,26:44:00,5,Clear,0:00,opponent
378,Clear,26:22:00,5,Turnover,26:44:00,opponent
379,Turnover,26:06:00,5,Clear,26:19:00,Navy
380,Clear,25:27:00,5,Shot,26:06:00,Navy
381,Shot,25:14:00,5,Clear,25:27:00,Navy
382,Clear,24:40:00,5,Shot,25:14:00,opponent
383,Shot,24:07:00,5,Goal,24:40:00,opponent
384,Draw,23:43,5,Shot,0:00,Navy
385,Shot,23:34,5,Goal,23:43,Navy
386,Draw,22:53,5,Turnover,0:00,Navy
387,Turnover,22:47,5,Clear,22:50,opponent
388,Clear,22:37,5,Shot,22:47,opponent
389,Turnover,22:26,5,Clear,22:34,Navy
390,Clear,21:40,5,Goal,22:26,Navy
391,Draw,21:10,5,Shot,0:00,Navy
392,Turnover,21:10,5,Clear,21:10,opponent
393,Clear,19:59,5,Shot,21:10,opponent
394,Shot,19:40,5,Shot,19:59,opponent
395,Shot,19:27,5,Clear,19:40,opponent
396,Clear,18:59,5,Turnover,19:27,Navy
397,Turnover,18:47,5,Clear,18:50,opponent
398,Clear,18:26,5,Turnover,18:47,opponent
399,Turnover,18:11,5,Clear,18:26,Navy
400,Clear,17:47,5,Goal,18:11,Navy
401,Draw,17:13,5,Goal,0:00,Navy
402,Draw,16:47,5,Shot,0:00,Navy
403,Shot,16:13,5,Goal,16:47,Navy
404,Draw,15:51,5,Goal,0:00,opponent
405,Draw,15:25,5,Turnover,0:00,Navy
406,Turnover,14:56,5,Clear,15:25,opponent
407,Clear,14:03,5,Shot,14:56,opponent
408,Shot,14:00,5,Shot,14:03,opponent
409,Shot,13:49,5,Clear,14:00,opponent
410,Clear,13:16,5,Shot,13:49,Navy
411,Turnover,13:00,5,Clear,13:12,opponent
412,Clear,12:45,5,Shot,13:00,opponent
413,Turnover,12:28,5,Clear,12:39,Navy
414,Clear,12:06,5,Goal,12:28,Navy
415,Draw,11:10,5,Shot,0:00,Navy
416,Shot,10:46,5,Clear,11:10,Navy
417,Clear,10:29,5,Turnover,10:46,opponent
418,Turnover,10:20,5,Clear,10:23,Navy
419,Clear,9:50,5,Turnover,10:20,Navy
420,Turnover,9:36,5,Clear,9:47,opponent
421,Clear,8:46,5,Turnover,9:36,opponent
422,Turnover,8:39,5,Clear,8:43,Navy
423,Clear,8:27,5,Goal,8:39,Navy
424,Draw,7:10,5,Shot,0:00,opponent
425,Shot,6:56,5,Clear,7:10,opponent
426,Clear,6:55,5,Turnover,6:56,Navy
427,Turnover,6:18,5,Shot,6:51,opponent
428,Shot,5:55,5,Turnover,6:18,opponent
429,Turnover,5:43,5,Clear,5:53,Navy
430,Clear,4:54,5,Turnover,5:43,Navy
431,Turnover,4:39,5,Clear,4:52,opponent
432,Clear,3:56,5,Shot,4:39,opponent
433,Turnover,3:38,5,Clear,3:53,Navy
434,Clear,3:21,5,Goal,3:38,Navy
435,Draw,2:34,5,Goal,0:00,Navy
436,Draw,2:16,5,Shot,0:00,Navy
437,Shot,1:56,5,Clear,2:16,Navy
438,Clear,1:55,5,Turnover,1:56,opponent
439,Turnover,1:48,5,Turnover,1:51,Navy
440,Turnover,1:19,5,Clear,1:44,opponent
441,Clear,1:08,5,Goal,1:19,opponent
442,Draw,0:35,5,Goal,0:00,Navy
443,Draw,0:02,5,Shot,0:00,opponent
444,Draw,29:16:00,5,Goal,0:00,opponent
445,Draw,28:59:00,5,Shot,0:00,Navy
446,Turnover,28:45:00,5,Clear,28:56:00,opponent
447,Clear,28:39:00,5,Shot,28:45:00,opponent
448,Shot,27:35:00,5,Goal,28:39:00,opponent
449,Draw,27:00:00,5,Shot,0:00,Navy
450,Shot,26:51:00,5,Clear,27:00:00,Navy
451,Clear,26:35:00,5,Turnover,26:51:00,opponent
452,Turnover,26:19:00,5,Clear,26:33:00,Navy
453,Clear,25:42:00,5,Goal,26:19:00,Navy
454,Draw,25:09:00,5,Shot,0:00,opponent
455,Shot,25:09:00,5,Shot,25:09:00,opponent
456,Turnover,24:54:00,5,Clear,25:04:00,Navy
457,Clear,24:43:00,5,Goal,24:54:00,Navy
458,Draw,24:14:00,5,Shot,0:00,Navy
459,Shot,23:55,5,Turnover,24:14:00,Navy
460,Turnover,23:48,5,Clear,23:55,opponent
461,Clear,23:35,5,Shot,23:48,opponent
462,Shot,23:03,5,Clear,23:35,opponent
463,Clear,22:55,5,Turnover,23:03,Navy
464,Turnover,22:38,5,Clear,22:55,opponent
465,Clear,22:08,5,Goal,22:38,opponent
466,Draw,21:21,5,Shot,0:00,opponent
467,Shot,21:00,5,Clear,21:21,opponent
468,Clear,20:38,5,Turnover,21:00,Navy
469,Turnover,20:24,5,Clear,20:35,opponent
470,Clear,19:49,5,Shot,20:24,opponent
471,Shot,19:35,5,Clear,19:49,opponent
472,Clear,19:34,5,Turnover,19:35,Navy
473,Turnover,19:29,5,Goal,19:30,opponent
474,Draw,18:40,5,Goal,0:00,opponent
475,Draw,17:49,5,Shot,0:00,Navy
476,Shot,17:16,5,Clear,17:49,Navy
477,Clear,16:58,5,Turnover,17:16,Navy
478,Turnover,16:48,5,Clear,16:55,opponent
479,Clear,16:47,5,Turnover,16:48,opponent
480,Turnover,16:10,5,Goal,16:37,Navy
481,Draw,15:35,5,Shot,0:00,opponent
482,Turnover,15:08,5,Clear,15:31,Navy
483,Clear,14:33,5,Shot,15:08,Navy
484,Shot,14:12,5,Shot,14:33,Navy
485,Shot,14:09,5,Shot,14:12,opponent
486,Shot,13:44,5,Clear,14:09,opponent
487,Clear,13:43,5,Turnover,13:44,opponent
488,Turnover,13:36,5,Clear,13:43,Navy
489,Clear,13:02,5,Goal,13:36,Navy
490,Draw,12:12,5,Shot,0:00,opponent
491,Shot,11:41,5,Goal,12:12,opponent
492,Draw,11:27,5,Clear,0:00,Navy
493,Clear,10:58,5,Goal,11:27,Navy
494,Draw,10:37,5,Shot,0:00,Navy
495,Turnover,10:16,5,Clear,10:33,opponent
496,Clear,9:12,5,Shot,10:16,opponent
497,Shot,9:04,5,Shot,9:12,opponent
498,Shot,8:51,5,Clear,9:04,opponent
499,Clear,8:33,5,Shot,8:51,Navy
500,Shot,8:19,5,Shot,8:33,Navy
501,Shot,7:48,5,Turnover,8:19,Navy
502,Turnover,7:39,5,Clear,7:45,opponent
503,Clear,7:12,5,Shot,7:39,opponent
504,Shot,7:01,5,Clear,7:12,opponent
505,Clear,6:43,5,Shot,7:01,Navy
506,Shot,6:28,5,Clear,6:43,Navy
507,Clear,5:46,5,Shot,6:28,opponent
508,Shot,5:23,5,Clear,5:46,opponent
509,Clear,4:47,5,Goal,5:23,Navy
510,Draw,4:20,5,Turnover,0:00,opponent
511,Turnover,3:46,5,Clear,4:20,Navy
512,Clear,3:10,5,Shot,3:46,Navy
513,Shot,1:58,5,Shot,3:10,Navy
514,Turnover,1:46,5,Clear,1:55,opponent
515,Clear,1:42,5,Goal,1:46,opponent
516,Draw,0:46,5,Shot,0:00,Navy
517,Shot,0:30,5,Goal,0:46,Navy
518,Draw,29:23:00,6,Shot,0:00,Navy
519,Shot,29:13:00,6,Shot,29:23:00,Navy
520,Turnover,28:47:00,6,Clear,29:08:00,opponent
521,Clear,28:46:00,6,Turnover,28:47:00,opponent
522,Turnover,27:58:00,6,Shot,28:43:00,Navy
523,Turnover,27:48:00,6,Goal,27:55:00,Navy
524,Draw,27:19:00,6,Shot,0:00,Navy
525,Shot,27:05:00,6,Clear,27:19:00,Navy
526,Clear,27:05:00,6,Turnover,27:05:00,opponent
527,Turnover,26:44:00,6,Shot,27:05:00,Navy
528,Shot,26:29:00,6,Clear,26:44:00,Navy
529,Clear,25:58:00,6,Turnover,26:29:00,opponent
530,Turnover,25:40:00,6,Clear,25:56:00,Navy
531,Clear,25:21:00,6,Goal,25:40:00,Navy
532,Draw,25:08:00,6,Turnover,0:00,opponent
533,Turnover,24:38:00,6,Clear,25:08:00,Navy
534,Clear,24:25:00,6,Goal,24:38:00,Navy
535,Draw,23:56,6,Goal,0:00,Navy
536,Draw,23:25,6,Shot,0:00,Navy
537,Shot,23:08,6,Clear,23:25,Navy
538,Clear,23:07,6,Turnover,23:08,opponent
539,Turnover,22:46,6,Clear,23:04,Navy
540,Clear,22:13,6,Shot,22:46,Navy
541,Shot,21:43,6,Goal,22:13,Navy
542,Draw,21:17,6,Turnover,0:00,Navy
543,Turnover,20:54,6,Clear,21:12,opponent
544,Clear,20:31,6,Goal,20:54,opponent
545,Draw,19:50,6,Shot,0:00,Navy
546,Shot,19:41,6,Clear,19:50,Navy
547,Clear,19:29,6,Turnover,19:41,opponent
548,Turnover,19:23,6,Shot,19:29,Navy
549,Shot,19:06,6,Clear,19:23,Navy
550,Clear,19:05,6,Turnover,19:06,opponent
551,Turnover,18:23,6,Shot,18:58,Navy
552,Turnover,18:08,6,Goal,18:20,Navy
553,Draw,17:48,6,Shot,0:00,Navy
554,Shot,17:17,6,Shot,17:48,Navy
555,Turnover,16:51,6,Clear,17:15,opponent
556,Clear,16:27,6,Turnover,16:51,opponent
557,Turnover,16:18,6,Clear,16:24,Navy
558,Clear,16:16,6,Turnover,16:18,Navy
559,Turnover,15:46,6,Goal,16:16,opponent
560,Draw,15:21,6,Goal,0:00,Navy
561,Draw,14:43,6,Goal,0:00,Navy
562,Draw,14:30,6,Shot,0:00,Navy
563,Turnover,14:06,6,Clear,14:24,opponent
564,Clear,13:34,6,Turnover,14:06,opponent
565,Turnover,13:23,6,Clear,13:34,Navy
566,Clear,13:22,6,Turnover,13:23,Navy
567,Turnover,13:15,6,Turnover,13:19,opponent
568,Turnover,12:56,6,Shot,13:11,Navy
569,Shot,12:35,6,Goal,12:56,Navy
570,Draw,12:24,6,Turnover,0:00,Navy
571,Turnover,12:06,6,Clear,12:24,opponent
572,Clear,11:46,6,Shot,12:06,opponent
573,Shot,11:27,6,Clear,11:46,opponent
574,Clear,11:23,6,Shot,11:27,Navy
575,Shot,11:07,6,Shot,11:23,Navy
576,Shot,10:49,6,Clear,11:07,Navy
577,Clear,9:43,6,Shot,10:49,opponent
578,Shot,9:36,6,Shot,9:43,opponent
579,Shot,9:24,6,Clear,9:36,opponent
580,Clear,8:40,6,Shot,9:24,Navy
581,Turnover,8:29,6,Clear,8:36,opponent
582,Clear,8:05,6,Shot,8:29,opponent
583,Shot,7:41,6,Clear,8:05,opponent
584,Clear,7:06,6,Shot,7:41,Navy
585,Shot,6:50,6,Turnover,7:06,Navy
586,Turnover,6:32,6,Clear,6:50,opponent
587,Clear,6:09,6,Turnover,6:32,opponent
588,Turnover,5:55,6,Clear,6:06,Navy
589,Clear,5:48,6,Turnover,5:55,Navy
590,Turnover,5:28,6,Clear,5:48,opponent
591,Clear,5:27,6,Turnover,5:28,opponent
592,Turnover,5:15,6,Turnover,5:24,Navy
593,Turnover,5:00,6,Clear,5:12,opponent
594,Clear,4:57,6,Shot,5:00,opponent
595,Shot,4:45,6,Clear,4:57,opponent
596,Clear,3:35,6,Turnover,4:45,Navy
597,Turnover,3:13,6,Clear,3:29,opponent
598,Clear,2:24,6,Turnover,3:13,opponent
599,Turnover,2:16,6,Clear,2:21,Navy
600,Clear,1:55,6,Goal,2:16,Navy
601,Draw,0:58,6,Goal,0:00,Navy
602,Draw,0:10,6,Goal,0:00,Navy
603,Draw,29:05:00,6,Shot,0:00,Navy
604,Shot,28:28:00,6,Clear,29:05:00,Navy
605,Clear,28:16:00,6,Shot,28:28:00,opponent
606,Shot,27:45:00,6,Clear,28:16:00,opponent
607,Clear,27:23:00,6,Turnover,27:45:00,Navy
608,Turnover,27:01:00,6,Clear,27:18:00,opponent
609,Clear,26:56:00,6,Shot,27:01:00,opponent
610,Shot,26:34:00,6,Shot,26:56:00,opponent
611,Shot,26:19:00,6,Turnover,26:34:00,opponent
612,Turnover,26:05:00,6,Clear,26:07:00,Navy
613,Clear,25:31:00,6,Goal,26:05:00,Navy
614,goal,23:19,6,Goal,25:31:00,Navy
615,Draw,21:56,6,Turnover,0:00,Navy
616,Turnover,21:43,6,Clear,21:52,opponent
617,Clear,21:33,6,Shot,21:43,opponent
618,Shot,21:24,6,Shot,21:33,opponent
619,Shot,20:03,6,Turnover,21:24,opponent
620,Turnover,19:32,6,Clear,20:00,Navy
621,Clear,18:58,6,Shot,19:32,Navy
622,Shot,18:33,6,Shot,18:58,Navy
623,Shot,18:20,6,Goal,18:33,Navy
624,Draw,17:09,6,Shot,0:00,Navy
625,Shot,16:36,6,Clear,17:09,Navy
626,Clear,15:43,6,Shot,16:36,opponent
627,Shot,15:34,6,Clear,15:43,opponent
628,Clear,15:30,6,Shot,15:34,Navy
629,Shot,15:21,6,Clear,15:30,Navy
630,Clear,15:16,6,Shot,15:21,opponent
631,Shot,14:52,6,Shot,15:16,opponent
632,Shot,14:27,6,Clear,14:52,opponent
633,Clear,13:56,6,Shot,14:27,Navy
634,Turnover,13:27,6,Clear,13:53,opponent
635,Clear,13:06,6,Shot,13:27,opponent
636,Turnover,12:55,6,Clear,13:03,Navy
637,Clear,11:25,6,Goal,12:55,Navy
638,Draw,9:38,6,Turnover,0:00,Navy
639,Turnover,8:55,6,Clear,9:35,opponent
640,Clear,8:52,6,Turnover,8:55,opponent
641,Turnover,8:42,6,Clear,8:52,Navy
642,Clear,7:50,6,Shot,8:42,Navy
643,Turnover,7:36,6,Clear,7:48,opponent
644,Clear,7:27,6,Goal,7:36,opponent
645,Draw,5:38,6,Turnover,0:00,Navy
646,Turnover,5:07,6,Clear,5:36,opponent
647,Clear,5:05,6,Turnover,5:07,opponent
648,Turnover,5:03,6,Clear,5:05,Navy
649,Clear,4:33,6,Shot,5:03,Navy
650,Shot,4:10,6,Clear,4:33,Navy
651,Clear,4:09,6,Turnover,4:10,opponent
652,Turnover,4:02,6,Clear,4:06,Navy
653,Clear,3:58,6,Shot,4:02,Navy
654,Shot,3:39,6,Clear,3:58,Navy
655,Clear,3:19,6,Turnover,3:39,opponent
656,Turnover,3:14,6,Clear,3:17,Navy
657,Clear,2:49,6,Shot,3:14,Navy
658,Shot,2:35,6,Clear,2:49,Navy
659,Clear,2:26,6,Goal,2:35,opponent
660,Draw,0:54,6,Shot,0:00,Navy
661,Shot,0:44,6,Clear,0:54,Navy
662,Clear,0:43,6,Turnover,0:44,opponent
663,Turnover,0:33,6,Shot,0:39,Navy
664,Shot,0:16,6,Goal,0:33,Navy
665,Draw,29:39:00,7,Turnover,0:00,opponent
666,Turnover,28:58:00,7,Shot,29:39:00,Navy
667,Shot,28:58:00,7,Clear,28:58:00,Navy
668,Clear,28:58:00,7,Turnover,28:58:00,opponent
669,Turnover,28:58:00,7,Clear,28:58:00,Navy
670,Clear,27:40:00,7,Goal,28:58:00,Navy
671,Draw,26:34:00,7,Turnover,0:00,opponent
672,Turnover,26:27:00,7,Clear,26:31:00,Navy
673,Clear,25:18:00,7,Shot,26:27:00,Navy
674,Shot,25:08:00,7,Shot,25:18:00,Navy
675,Shot,25:02:00,7,Clear,25:08:00,Navy
676,Clear,23:57,7,Goal,25:02:00,opponent
677,Draw,23:31,7,Turnover,0:00,opponent
678,Turnover,22:40,7,Turnover,23:26,Navy
679,Turnover,22:40,7,Clear,22:40,opponent
680,Clear,22:34,7,Turnover,22:40,opponent
681,Turnover,22:20,7,Clear,22:28,Navy
682,Clear,21:32,7,Goal,22:20,Navy
683,Draw,20:33,7,Shot,0:00,Navy
684,Shot,20:25,7,Clear,20:33,Navy
685,Clear,19:49,7,Shot,20:25,opponent
686,Turnover,19:10,7,Shot,19:12,opponent
687,Turnover,18:57,7,Clear,19:07,Navy
688,Clear,18:48,7,Clear,18:57,Navy
689,Clear,18:48,7,Turnover,18:48,opponent
690,Turnover,18:48,7,Clear,18:48,Navy
691,Clear,17:17,7,Goal,18:48,Navy
692,Draw,16:38,7,Goal,0:00,Navy
693,Draw,15:59,7,Turnover,0:00,Navy
694,Turnover,15:50,7,Clear,15:52,opponent
695,Clear,15:30,7,Turnover,15:50,opponent
696,Turnover,14:38,7,Shot,15:23,Navy
697,Shot,14:26,7,Clear,14:38,Navy
698,Clear,13:33,7,Turnover,14:26,opponent
699,Turnover,13:27,7,Clear,13:30,Navy
700,Clear,13:13,7,Shot,13:27,Navy
701,Shot,13:01,7,Goal,13:13,Navy
702,Draw,12:31,7,Turnover,0:00,opponent
703,Turnover,12:21,7,Goal,12:25,Navy
704,Turnover,11:20,7,Goal,11:33,opponent
705,Draw,11:01,7,Turnover,0:00,opponent
706,Turnover,10:55,7,Goal,10:57,Navy
707,Draw,9:46,7,Shot,0:00,opponent
708,Turnover,9:14,7,Shot,9:41,opponent
709,Turnover,9:08,7,Clear,9:10,Navy
710,Clear,8:46,7,Shot,9:08,Navy
711,Shot,8:46,7,Clear,8:46,Navy
712,Clear,7:34,7,Shot,8:46,opponent
713,Shot,7:34,7,Shot,7:34,opponent
714,Shot,7:26,7,Clear,7:34,opponent
715,Clear,6:45,7,Turnover,7:26,Navy
716,Turnover,6:32,7,Clear,6:45,opponent
717,Clear,6:16,7,Turnover,6:32,opponent
718,Turnover,6:16,7,Clear,6:16,Navy
719,Clear,6:16,7,Turnover,6:16,Navy
720,Turnover,5:53,7,Turnover,6:16,opponent
721,Turnover,5:46,7,Clear,5:47,Navy
722,Clear,5:09,7,Turnover,5:46,Navy
723,Turnover,4:55,7,Clear,4:57,opponent
724,Clear,2:55,7,Goal,4:55,opponent
725,Draw,1:45,7,Shot,0:00,Navy
726,Shot,1:32,7,Clear,1:45,Navy
727,Clear,1:29,7,Turnover,1:32,opponent
728,Turnover,0:10,7,Turnover,1:22,Navy
729,Turnover,0:10,7,Clear,0:10,opponent
730,Clear,0:10,7,Goal,0:10,opponent
731,Draw,0:00,7,Turnover,0:00,opponent
732,Draw,29:21:00,7,Goal,0:00,Navy
733,Turnover,28:41:00,7,Shot,28:51:00,opponent
734,Shot,27:59:00,7,Shot,28:41:00,opponent
735,Turnover,27:52:00,7,Clear,27:54:00,Navy
736,Clear,27:20:00,7,Shot,27:52:00,Navy
737,Shot,26:38:00,7,Turnover,27:20:00,Navy
738,Turnover,26:29:00,7,Clear,26:32:00,opponent
739,Clear,25:21:00,7,Shot,26:29:00,opponent
740,Shot,25:07:00,7,Shot,25:21:00,opponent
741,Shot,24:53:00,7,Clear,25:07:00,opponent
742,Clear,24:47:00,7,Turnover,24:53:00,Navy
743,Turnover,24:34:00,7,Goal,24:43:00,opponent
744,Draw,24:18:00,7,Shot,0:00,Navy
745,Shot,24:01:00,7,Goal,24:18:00,Navy
746,Draw,23:37,7,Shot,0:00,Navy
747,Shot,23:27,7,Clear,23:37,Navy
748,Clear,23:19,7,Goal,23:27,opponent
749,Turnover,22:49,7,Shot,22:51,opponent
750,Turnover,22:40,7,Clear,22:43,Navy
751,Clear,22:28,7,Shot,22:40,Navy
752,Shot,21:59,7,Goal,22:28,Navy
753,Draw,21:38,7,Turnover,0:00,opponent
754,Turnover,20:40,7,Turnover,20:56,Navy
755,Turnover,19:39,7,Turnover,20:35,opponent
756,Turnover,19:07,7,Clear,19:39,Navy
757,Clear,19:04,7,Shot,19:07,Navy
758,Shot,18:40,7,Goal,19:04,Navy
759,Draw,18:31,7,Turnover,0:00,opponent
760,Turnover,18:26,7,Clear,18:31,Navy
761,Clear,17:34,7,Goal,18:26,Navy
762,Draw,16:58,7,Shot,0:00,opponent
763,Shot,16:55,7,Clear,16:58,opponent
764,Turnover,16:23,7,Shot,16:23,Navy
765,Shot,15:57,7,Goal,16:23,Navy
766,Turnover,14:38,7,Goal,15:10,Navy
767,Draw,14:14,7,Shot,0:00,Navy
768,Shot,13:56,7,Goal,14:14,Navy
769,Draw,13:39,7,Goal,0:00,Navy
770,Draw,12:33,7,Goal,0:00,Navy
771,Draw,12:18,7,Turnover,0:00,opponent
772,Turnover,10:30,7,Clear,12:13,Navy
773,Clear,10:26,7,Turnover,10:30,Navy
774,Turnover,9:16,7,Clear,9:27,Navy
775,Clear,8:08,7,Shot,9:16,Navy
776,Turnover,7:34,7,Turnover,7:57,Navy
777,Turnover,7:30,7,Clear,7:31,opponent
778,Clear,6:59,7,Shot,7:30,opponent
779,Shot,6:15,7,Turnover,6:59,opponent
780,Turnover,6:03,7,Clear,6:15,Navy
781,Clear,6:02,7,Turnover,6:03,Navy
782,Turnover,5:21,7,Turnover,5:34,opponent
783,Turnover,5:13,7,Clear,5:14,Navy
784,Clear,4:59,7,Goal,5:13,Navy
785,Draw,4:37,7,Turnover,0:00,opponent
786,Turnover,4:29,7,Clear,4:33,Navy
787,Clear,4:25,7,Turnover,4:29,Navy
788,Turnover,4:08,7,Shot,4:25,opponent
789,Shot,3:57,7,Clear,4:08,opponent
790,Clear,3:43,7,Shot,3:57,Navy
791,Shot,3:32,7,Clear,3:43,Navy
792,Clear,3:24,7,Shot,3:32,opponent
793,Turnover,3:17,7,Clear,3:22,Navy
794,Clear,0:30,7,Shot,3:17,Navy
795,Draw,28:49:00,8,Shot,0:00,opponent
796,Shot,28:16:00,8,Clear,28:49:00,opponent
797,Clear,27:21:00,8,Turnover,28:16:00,Navy
798,Turnover,27:12:00,8,Clear,27:18:00,opponent
799,Clear,27:08:00,8,Shot,27:12:00,opponent
800,Shot,26:44:00,8,Clear,27:08:00,opponent
801,Clear,26:33:00,8,Turnover,26:44:00,Navy
802,Turnover,26:24:00,8,Clear,26:33:00,opponent
803,Clear,25:54:00,8,Goal,26:24:00,opponent
804,Draw,25:28:00,8,Turnover,0:00,opponent
805,Turnover,25:09:00,8,Clear,25:25:00,Navy
806,Clear,24:43:00,8,Shot,25:09:00,Navy
807,Shot,24:30:00,8,Clear,24:43:00,Navy
808,Clear,23:59,8,Turnover,24:30:00,opponent
809,Turnover,23:35,8,Clear,23:56,Navy
810,Clear,23:10,8,Shot,23:35,Navy
811,Turnover,22:52,8,Clear,23:01,opponent
812,Clear,22:48,8,Goal,22:52,opponent
813,goal,22:23,8,Shot,22:48,opponent
814,Turnover,22:21,8,Shot,22:23,opponent
815,Turnover,21:44,8,Goal,22:21,opponent
816,Draw,21:35,8,Goal,0:00,Navy
817,Draw,21:04,8,Turnover,0:00,Navy
818,Turnover,21:03,8,Clear,21:04,opponent
819,Clear,20:30,8,Goal,21:03,opponent
820,Draw,20:09,8,Turnover,0:00,opponent
821,Turnover,20:00,8,Clear,20:09,Navy
822,Clear,19:29,8,Shot,20:00,Navy
823,Turnover,19:13,8,Clear,19:26,opponent
824,Clear,17:56,8,Turnover,19:13,opponent
825,Turnover,17:50,8,Clear,17:56,Navy
826,Clear,17:13,8,Goal,17:50,Navy
827,Draw,16:22,8,Turnover,0:00,Navy
828,Turnover,16:12,8,Clear,16:22,opponent
829,Clear,16:11,8,Turnover,16:12,opponent
830,Turnover,15:24,8,Turnover,16:08,Navy
831,Turnover,15:08,8,Clear,15:24,opponent
832,Clear,14:23,8,Turnover,15:08,opponent
833,Turnover,13:44,8,Clear,14:20,Navy
834,Clear,13:39,8,Turnover,13:44,Navy
835,Turnover,13:31,8,Clear,13:35,opponent
836,Clear,13:01,8,Goal,13:31,opponent
837,Draw,12:06,8,Shot,0:00,opponent
838,Shot,11:43,8,Clear,12:06,opponent
839,Clear,11:42,8,Turnover,11:43,Navy
840,Turnover,11:09,8,Turnover,11:37,opponent
841,Turnover,11:02,8,Clear,11:09,Navy
842,Clear,10:22,8,Turnover,11:02,Navy
843,Turnover,10:05,8,Clear,10:16,opponent
844,Clear,9:33,8,Turnover,10:05,opponent
845,Turnover,9:17,8,Clear,9:29,Navy
846,Clear,8:41,8,Shot,9:17,Navy
847,Turnover,8:01,8,Shot,8:35,Navy
848,Shot,7:58,8,Turnover,8:01,opponent
849,Turnover,7:48,8,Clear,7:58,Navy
850,Clear,7:27,8,Goal,7:48,opponent
851,Draw,7:15,8,Shot,0:00,Navy
852,Turnover,6:50,8,Goal,7:09,Navy
853,Draw,5:55,8,Shot,0:00,opponent
854,Shot,5:19,8,Clear,5:55,opponent
855,Clear,5:17,8,Turnover,5:19,Navy
856,Turnover,4:28,8,Turnover,5:14,opponent
857,Turnover,4:11,8,Clear,4:23,Navy
858,Clear,3:34,8,Shot,4:11,Navy
859,Shot,3:14,8,Turnover,3:34,Navy
860,Turnover,3:05,8,Shot,3:14,opponent
861,Shot,2:56,8,Clear,3:05,opponent
862,Turnover,1:58,8,Turnover,3:14,Navy
863,Turnover,1:44,8,Clear,1:55,opponent
864,Clear,0:31,8,Shot,1:44,opponent
865,Turnover,0:11,8,Clear,0:29,Navy
866,Clear,0:00,8,Goal,0:11,Navy
867,Draw,29:03:00,8,Turnover,0:00,Navy
868,Turnover,28:46:00,8,Clear,28:51:00,opponent
869,Clear,28:08:00,8,Shot,28:46:00,opponent
870,Turnover,27:44:00,8,Clear,28:05:00,Navy
871,Clear,27:02:00,8,Turnover,27:44:00,Navy
872,Turnover,26:55:00,8,Clear,27:02:00,opponent
873,Clear,26:24:00,8,Shot,26:55:00,opponent
874,Turnover,26:18:00,8,Goal,26:19:00,opponent
875,Draw,26:08:00,8,Turnover,0:00,opponent
876,Turnover,25:14:00,8,Turnover,26:04:00,Navy
877,Turnover,25:01:00,8,Clear,25:14:00,opponent
878,Clear,24:05:00,8,Goal,25:01:00,opponent
879,Draw,23:38,8,Goal,0:00,Navy
880,Draw,22:55,8,Shot,0:00,Navy
881,Turnover,22:39,8,Clear,22:49,opponent
882,Clear,22:14,8,Turnover,22:39,opponent
883,Turnover,22:02,8,Clear,22:12,Navy
884,Clear,21:49,8,Shot,22:02,Navy
885,Shot,21:19,8,Clear,21:49,Navy
886,Clear,20:32,8,Goal,21:19,opponent
887,Draw,19:44,8,Turnover,0:00,opponent
888,Turnover,19:33,8,Clear,19:44,Navy
889,Clear,18:52,8,Turnover,19:33,Navy
890,Turnover,18:35,8,Clear,18:49,opponent
891,Clear,17:37,8,Shot,18:35,opponent
892,Shot,17:29,8,Shot,17:37,opponent
893,Turnover,17:10,8,Clear,17:24,Navy
894,Clear,16:43,8,Turnover,17:10,Navy
895,Turnover,16:30,8,Clear,16:40,opponent
896,Clear,15:49,8,Goal,16:30,opponent
897,Draw,14:50,8,Shot,0:00,opponent
898,Shot,14:29,8,Clear,14:50,opponent
899,Clear,13:45,8,Shot,14:29,Navy
900,Turnover,13:37,8,Goal,13:42,Navy
901,Draw,13:17,8,Goal,0:00,Navy
902,Draw,12:58,8,Shot,0:00,opponent
903,Turnover,12:48,8,Turnover,12:55,opponent
904,Turnover,12:41,8,Clear,12:45,Navy
905,Clear,12:40,8,Turnover,12:41,Navy
906,Turnover,11:48,8,Shot,12:38,opponent
907,Shot,11:08,8,Shot,11:48,opponent
908,Shot,11:05,8,Goal,11:08,opponent
909,Draw,10:55,8,Shot,0:00,Navy
910,Shot,10:32,8,Goal,10:55,Navy
911,Draw,10:22,8,Shot,0:00,Navy
912,Shot,10:09,8,Goal,10:22,Navy
913,Draw,9:24,8,Shot,0:00,Navy
914,Shot,9:21,8,Shot,9:24,Navy
915,Shot,8:52,8,Shot,9:21,Navy
916,Shot,8:35,8,Clear,8:52,Navy
917,Clear,8:06,8,Shot,8:35,opponent
918,Turnover,7:55,8,Clear,8:03,Navy
919,Clear,7:55,8,Turnover,7:55,Navy
920,Turnover,7:47,8,Clear,7:55,opponent
921,Clear,7:05,8,Shot,7:47,opponent
922,Shot,6:49,8,Goal,7:05,opponent
923,Draw,5:43,8,Turnover,0:00,opponent
924,Turnover,5:41,8,Clear,5:43,Navy
925,Clear,5:40,8,Turnover,5:41,Navy
926,Turnover,5:27,8,Goal,5:37,opponent
927,Draw,4:30,8,Goal,0:00,Navy
928,Draw,3:51,8,Goal,0:00,Navy
929,Draw,2:58,8,Goal,0:00,Navy
930,Draw,2:11,8,Goal,0:00,Navy
931,Draw,0:48,8,Shot,0:00,opponent
932,Shot,0:35,8,Clear,0:48,opponent
933,Clear,0:17,8,Goal,0:35,Navy
934,Draw,29:20:00,9,Shot,0:00,opponent
935,Turnover,29:07:00,9,Goal,29:16:00,opponent
936,Draw,28:52:00,9,Goal,0:00,Navy
937,Draw,28:23:00,9,Turnover,0:00,Navy
938,Turnover,28:09:00,9,Clear,28:19:00,opponent
939,Clear,27:00:00,9,Turnover,28:09:00,opponent
940,Turnover,26:53:00,9,Clear,26:56:00,Navy
941,Clear,26:10:00,9,Turnover,26:53:00,Navy
942,Turnover,26:07:00,9,Clear,26:10:00,opponent
943,Clear,25:25:00,9,Turnover,26:07:00,opponent
944,Turnover,25:14:00,9,Clear,25:25:00,Navy
945,Clear,24:47:00,9,Turnover,25:14:00,Navy
946,Turnover,24:37:00,9,Clear,24:43:00,opponent
947,Clear,23:57,9,Shot,24:37:00,opponent
948,Turnover,23:19,9,Clear,23:54,Navy
949,Clear,22:59,9,Shot,23:19,Navy
950,Turnover,22:41,9,Clear,22:51,opponent
951,Clear,21:53,9,Turnover,22:41,opponent
952,Turnover,21:36,9,Clear,21:50,Navy
953,Clear,20:42,9,Turnover,21:36,Navy
954,Turnover,20:36,9,Clear,20:39,opponent
955,Clear,19:47,9,Shot,20:36,opponent
956,Shot,19:10,9,Shot,19:47,opponent
957,Turnover,19:03,9,Clear,19:07,Navy
958,Clear,18:19,9,Turnover,19:03,Navy
959,Turnover,18:01,9,Clear,18:17,Navy
960,Clear,17:27,9,Turnover,18:01,opponent
961,Turnover,17:21,9,Clear,17:25,Navy
962,Clear,16:53,9,Shot,17:21,Navy
963,Turnover,16:47,9,Turnover,16:49,opponent
964,Turnover,16:42,9,Clear,16:44,Navy
965,Clear,15:43,9,Shot,16:42,Navy
966,Shot,15:29,9,Clear,15:43,Navy
967,Clear,14:22,9,Turnover,15:29,opponent
968,Turnover,14:13,9,Clear,14:17,Navy
969,Clear,13:53,9,Turnover,14:13,Navy
970,Turnover,13:46,9,Clear,13:53,opponent
971,Clear,12:56,9,Turnover,13:46,opponent
972,Turnover,12:45,9,Clear,12:52,Navy
973,Clear,12:41,9,Goal,12:45,Navy
974,Draw,12:08,9,Goal,0:00,Navy
975,Draw,11:33,9,Goal,0:00,opponent
976,Draw,11:22,9,Turnover,0:00,Navy
977,Turnover,11:12,9,Clear,11:22,opponent
978,Clear,10:32,9,Goal,11:12,opponent
979,Draw,9:54,9,Turnover,0:00,opponent
980,Turnover,9:45,9,Clear,9:52,Navy
981,Clear,9:15,9,Turnover,9:45,Navy
982,Turnover,9:08,9,Clear,9:11,opponent
983,Clear,9:04,9,Shot,9:08,opponent
984,Turnover,8:27,9,Turnover,9:00,opponent
985,Turnover,8:16,9,Clear,8:27,Navy
986,Clear,7:26,9,Goal,8:16,Navy
987,Draw,6:45,9,Shot,0:00,opponent
988,Shot,6:31,9,Clear,6:45,opponent
989,Clear,6:08,9,Shot,6:31,Navy
990,Turnover,5:49,9,Clear,6:01,opponent
991,Clear,5:28,9,Shot,5:49,opponent
992,Turnover,5:10,9,Shot,5:25,opponent
993,Shot,4:39,9,Shot,5:10,opponent
994,Shot,4:18,9,Shot,4:39,opponent
995,Shot,3:58,9,Turnover,4:18,opponent
996,Turnover,3:50,9,Clear,3:56,Navy
997,Clear,3:36,9,Shot,3:50,Navy
998,Turnover,3:09,9,Goal,3:32,Navy
999,Draw,2:33,9,Shot,0:00,opponent
1000,Turnover,2:12,9,Shot,2:30,opponent
1001,Shot,1:53,9,Clear,2:12,opponent
1002,Clear,1:20,9,Turnover,1:53,Navy
1003,Turnover,1:08,9,Clear,1:16,opponent
1004,Clear,0:26,9,Shot,1:08,opponent
1005,Shot,0:08,9,Clear,0:26,opponent
1006,Clear,0:07,9,Turnover,0:08,Navy
1007,Draw,29:03:00,9,Goal,0:00,Navy
1008,Draw,28:44:00,9,Shot,0:00,Navy
1009,Turnover,28:24:00,9,Clear,28:37:00,opponent
1010,Clear,27:21:00,9,Goal,28:24:00,opponent
1011,Draw,26:51:00,9,Goal,0:00,opponent
1012,Draw,26:00:00,9,Shot,0:00,Navy
1013,Shot,25:26:00,9,Goal,26:00:00,Navy
1014,Draw,25:13:00,9,Goal,0:00,opponent
1015,Draw,25:03:00,9,Turnover,0:00,Navy
1016,Turnover,24:24:00,9,Shot,24:58:00,opponent
1017,Shot,24:03:00,9,Clear,24:24:00,opponent
1018,Clear,23:26,9,Shot,24:03:00,Navy
1019,Shot,23:10,9,Shot,23:26,Navy
1020,Turnover,22:47,9,Shot,23:07,Navy
1021,Shot,22:28,9,Goal,22:47,Navy
1022,Draw,21:37,9,Turnover,0:00,opponent
1023,Turnover,21:18,9,Clear,21:34,Navy
1024,Clear,21:17,9,Turnover,21:18,Navy
1025,Turnover,20:27,9,Goal,21:17,opponent
1026,Draw,19:30,9,Goal,0:00,Navy
1027,Draw,18:34,9,Goal,0:00,Navy
1028,Draw,18:28,9,Turnover,0:00,Navy
1029,Turnover,17:41,9,Goal,18:25,opponent
1030,Draw,16:13,9,Goal,0:00,Navy
1031,Draw,15:26,9,Shot,0:00,Navy
1032,Turnover,15:04,9,Goal,15:21,Navy
1033,Draw,13:56,9,Shot,0:00,Navy
1034,Turnover,13:34,9,Clear,13:48,opponent
1035,Clear,13:20,9,Shot,13:34,opponent
1036,Shot,13:02,9,Clear,13:20,opponent
1037,Clear,12:49,9,Shot,13:02,Navy
1038,Turnover,12:06,9,Shot,12:45,Navy
1039,Shot,11:44,9,Goal,12:06,Navy
1040,Draw,11:03,9,Goal,0:00,Navy
1041,Draw,10:21,9,Turnover,0:00,opponent
1042,Turnover,10:05,9,Turnover,10:18,Navy
1043,Turnover,9:55,9,Clear,9:58,opponent
1044,Clear,9:43,9,Turnover,9:55,opponent
1045,Turnover,9:36,9,Clear,9:40,Navy
1046,Clear,8:59,9,Shot,9:36,Navy
1047,Shot,8:38,9,Goal,8:59,Navy
1048,Draw,7:20,9,Turnover,0:00,opponent
1049,Turnover,7:03,9,Clear,7:15,Navy
1050,Clear,6:03,9,Goal,7:03,Navy
1051,Draw,5:15,9,Turnover,0:00,opponent
1052,Turnover,5:08,9,Clear,5:15,Navy
1053,Clear,4:13,9,Turnover,5:08,Navy
1054,Turnover,4:04,9,Clear,4:09,opponent
1055,Clear,3:11,9,Goal,4:04,opponent
1056,Draw,2:36,9,Turnover,0:00,Navy
1057,Turnover,2:25,9,Clear,2:36,opponent
1058,Clear,1:44,9,Shot,2:25,opponent
1059,Shot,1:05,9,Clear,1:44,opponent
1060,Clear,0:05,9,Shot,1:05,Navy
1061,Draw,28:59:00,10,Goal,0:00,Navy
1062,Draw,27:32:00,10,Shot,0:00,opponent
1063,Turnover,27:12:00,10,Shot,27:27:00,opponent
1064,Turnover,27:06:00,10,Clear,27:11:00,Navy
1065,Clear,26:03:00,10,Turnover,27:06:00,Navy
1066,Turnover,25:44:00,10,Clear,25:59:00,opponent
1067,Clear,25:28:00,10,Goal,25:44:00,opponent
1068,Draw,25:09:00,10,Turnover,0:00,Navy
1069,Turnover,24:39:00,10,Clear,25:05:00,opponent
1070,Clear,24:06:00,10,Turnover,24:39:00,opponent
1071,Turnover,23:34,10,Clear,24:03:00,Navy
1072,Clear,23:12,10,Turnover,23:34,Navy
1073,Turnover,21:32,10,Shot,23:07,opponent
1074,Turnover,22:17,10,Goal,22:18,Navy
1075,Draw,21:33,10,Goal,0:00,Navy
1076,Draw,20:42,10,Shot,0:00,opponent
1077,Shot,20:28,10,Clear,20:42,opponent
1078,Clear,20:19,10,Turnover,20:28,Navy
1079,Turnover,20:06,10,Clear,20:17,opponent
1080,Clear,19:58,10,Turnover,20:06,opponent
1081,Turnover,19:45,10,Clear,19:48,Navy
1082,Clear,19:15,10,Turnover,19:45,Navy
1083,Turnover,18:55,10,Clear,19:11,opponent
1084,Clear,18:18,10,Shot,18:55,opponent
1085,Shot,18:09,10,Clear,18:18,opponent
1086,Clear,17:34,10,Shot,18:09,Navy
1087,Turnover,17:11,10,Goal,17:31,Navy
1088,Draw,16:57,10,Turnover,0:00,Navy
1089,Turnover,16:40,10,Clear,16:57,opponent
1090,Clear,15:51,10,Turnover,16:40,opponent
1091,Turnover,15:34,10,Clear,15:44,Navy
1092,Clear,15:09,10,Goal,15:34,Navy
1093,Draw,14:16,10,Turnover,0:00,Navy
1094,Turnover,13:18,10,Turnover,14:16,opponent
1095,Turnover,13:02,10,Turnover,13:10,Navy
1096,Turnover,12:31,10,Clear,12:50,opponent
1097,Clear,12:29,10,Turnover,12:31,opponent
1098,Turnover,11:43,10,Shot,12:24,Navy
1099,Shot,11:23,10,Clear,11:43,Navy
1100,Clear,11:15,10,Shot,11:23,opponent
1101,Turnover,10:55,10,Clear,11:09,Navy
1102,Clear,10:35,10,Goal,10:55,Navy
1103,Draw,9:52,10,Goal,0:00,Navy
1104,Draw,8:19,10,Shot,0:00,opponent
1105,Turnover,7:36,10,Goal,8:14,opponent
1106,Draw,7:01,10,Shot,0:00,opponent
1107,Shot,6:40,10,Clear,7:01,opponent
1108,Clear,6:09,10,Goal,6:40,Navy
1109,Draw,5:38,10,Turnover,0:00,Navy
1110,Turnover,5:31,10,Clear,5:34,opponent
1111,Clear,4:54,10,Turnover,5:31,opponent
1112,Turnover,4:45,10,Clear,4:50,Navy
1113,Clear,4:06,10,Goal,4:45,Navy
1114,Draw,3:14,10,Goal,0:00,Navy
1115,Draw,2:38,10,Turnover,0:00,opponent
1116,Turnover,2:31,10,Clear,2:34,Navy
1117,Clear,1:56,10,Turnover,2:31,Navy
1118,Turnover,1:40,10,Clear,1:44,opponent
1119,Clear,1:35,10,Turnover,1:40,opponent
1120,Turnover,0:37,10,Turnover,1:31,opponent
1121,Turnover,0:28,10,Clear,0:37,Navy
1122,Draw,29:11:00,10,Goal,0:00,Navy
1123,Draw,28:35:00,10,Turnover,0:00,Navy
1124,Turnover,28:17:00,10,Turnover,28:31:00,opponent
1125,Turnover,28:14:00,10,Clear,28:17:00,Navy
1126,Clear,27:44:00,10,Shot,28:14:00,Navy
1127,Shot,27:18:00,10,Clear,27:44:00,Navy
1128,Clear,26:55:00,10,Shot,27:18:00,opponent
1129,Turnover,26:47:00,10,Turnover,26:51:00,opponent
1130,Turnover,26:32:00,10,Clear,26:34:00,Navy
1131,Clear,26:07:00,10,Turnover,26:32:00,Navy
1132,Turnover,25:50:00,10,Clear,26:01:00,opponent
1133,Clear,25:03:00,10,Shot,25:50:00,opponent
1134,Shot,24:52:00,10,Clear,25:03:00,opponent
1135,Clear,24:44:00,10,Goal,24:52:00,Navy
1136,Draw,23:07,10,Shot,0:00,Navy
1137,Shot,22:39,10,Goal,23:07,Navy
1138,Draw,21:33,10,Turnover,0:00,Navy
1139,Turnover,21:23,10,Clear,21:28,opponent
1140,Clear,20:57,10,Turnover,21:23,opponent
1141,Turnover,20:49,10,Clear,20:51,Navy
1142,Clear,20:36,10,Shot,20:49,Navy
1143,Shot,19:23,10,Turnover,20:36,Navy
1144,Turnover,19:03,10,Clear,19:15,opponent
1145,Clear,18:50,10,Shot,19:03,opponent
1146,Shot,18:10,10,Shot,18:50,opponent
1147,Turnover,17:56,10,Turnover,18:07,Navy
1148,Turnover,17:35,10,Clear,17:56,opponent
1149,Clear,17:21,10,Goal,17:35,opponent
1150,Draw,15:55,10,Shot,0:00,Navy
1151,Shot,15:42,10,Shot,15:55,Navy
1152,Turnover,15:11,10,Shot,15:37,Navy
1153,Shot,14:47,10,Clear,15:11,Navy
1154,Clear,14:43,10,Shot,14:47,opponent
1155,Shot,13:35,10,Goal,14:43,opponent
1156,Draw,12:32,10,Shot,0:00,Navy
1157,Shot,12:10,10,Clear,12:32,Navy
1158,Clear,12:02,10,Shot,12:10,opponent
1159,Turnover,11:48,10,Clear,11:59,Navy
1160,Clear,11:44,10,Goal,11:48,Navy
1161,Draw,9:43,10,Goal,0:00,Navy
1162,Draw,8:33,10,Goal,0:00,opponent
1163,Draw,6:59,10,Turnover,0:00,opponent
1164,Turnover,6:44,10,Clear,6:55,Navy
1165,Clear,5:48,10,Shot,6:44,Navy
1166,Turnover,5:36,10,Clear,5:42,opponent
1167,Clear,5:32,10,Shot,5:36,opponent
1168,Turnover,5:15,10,Clear,5:27,Navy
1169,Clear,4:34,10,Turnover,5:15,Navy
1170,Turnover,4:17,10,Clear,4:29,opponent
1171,Clear,4:15,10,Turnover,4:17,opponent
1172,Turnover,2:55,10,Goal,4:11,Navy
1173,Draw,1:10,10,Shot,0:00,Navy
1174,Shot,0:55,10,Clear,1:10,Navy
1175,Clear,0:31,10,Shot,0:55,opponent
1176,Shot,0:07,10,Shot,0:31,opponent
1177,Draw,29:45:00,11,Turnover,0:00,opponent
1178,Turnover,29:36:00,11,Clear,29:43:00,Navy
1179,Clear,29:12:00,11,Shot,29:36:00,Navy
1180,Turnover,28:50:00,11,Clear,29:07:00,opponent
1181,Clear,28:23:00,11,Turnover,28:50:00,opponent
1182,Turnover,27:42:00,11,Goal,28:23:00,Navy
1183,Draw,27:28:00,11,Turnover,0:00,Navy
1184,Turnover,27:22:00,11,Clear,27:28:00,opponent
1185,Clear,27:21:00,11,Turnover,27:22:00,opponent
1186,Turnover,26:58:00,11,Turnover,27:18:00,Navy
1187,Turnover,26:39:00,11,Clear,26:58:00,opponent
1188,Clear,26:39:00,11,Turnover,26:39:00,opponent
1189,Turnover,26:33:00,11,Clear,26:39:00,Navy
1190,Clear,25:59:00,11,Shot,26:33:00,Navy
1191,Turnover,25:52:00,11,Clear,25:56:00,opponent
1192,Clear,25:51:00,11,Turnover,25:52:00,opponent
1193,Turnover,25:20:00,11,Shot,25:51:00,Navy
1194,Turnover,25:03:00,11,Shot,25:17:00,Navy
1195,Turnover,24:54:00,11,Turnover,24:57:00,Navy
1196,Turnover,24:36:00,11,Clear,24:54:00,opponent
1197,Clear,23:55,11,Shot,24:36:00,opponent
1198,Turnover,23:50,11,Goal,23:52,opponent
1199,Draw,23:27,11,Goal,0:00,Navy
1200,Draw,22:56,11,Turnover,0:00,opponent
1201,Turnover,22:41,11,Clear,22:52,Navy
1202,Clear,22:22,11,Turnover,22:41,Navy
1203,Turnover,22:03,11,Turnover,22:19,opponent
1204,Turnover,21:43,11,Clear,22:03,Navy
1205,Clear,21:31,11,Shot,21:43,Navy
1206,Shot,20:59,11,Goal,21:31,Navy
1207,Draw,20:44,11,Shot,0:00,opponent
1208,Shot,20:20,11,Clear,20:44,opponent
1209,Clear,19:52,11,Goal,20:20,Navy
1210,Draw,19:37,11,Turnover,0:00,opponent
1211,Turnover,19:13,11,Goal,19:37,Navy
1212,Draw,18:51,11,Shot,0:00,Navy
1213,Shot,18:38,11,Clear,18:51,Navy
1214,Clear,18:36,11,Turnover,18:38,opponent
1215,Turnover,18:28,11,Shot,18:34,Navy
1216,Shot,18:18,11,Clear,18:28,Navy
1217,Clear,17:32,11,Goal,18:18,opponent
1218,Draw,17:08,11,Goal,0:00,Navy
1219,Draw,16:45,11,Goal,0:00,Navy
1220,Draw,16:29,11,Goal,0:00,Navy
1221,Draw,16:03,11,Goal,0:00,Navy
1222,Draw,15:53,11,Shot,0:00,opponent
1223,Shot,15:35,11,Clear,15:53,opponent
1224,Clear,15:20,11,Goal,15:35,Navy
1225,Draw,15:10,11,Goal,0:00,Navy
1226,Draw,14:51,11,Shot,0:00,Navy
1227,Turnover,14:37,11,Clear,14:46,opponent
1228,Clear,14:30,11,Shot,14:37,opponent
1229,Turnover,14:19,11,Clear,14:25,Navy
1230,Clear,14:08,11,Shot,14:19,Navy
1231,Shot,13:52,11,Shot,14:08,Navy
1232,Shot,13:38,11,Clear,13:52,Navy
1233,Clear,12:59,11,Goal,13:38,opponent
1234,Draw,12:46,11,Turnover,0:00,Navy
1235,Turnover,12:24,11,Shot,12:44,opponent
1236,Shot,11:58,11,Clear,12:24,opponent
1237,Clear,11:12,11,Goal,11:58,Navy
1238,Draw,10:34,11,Turnover,0:00,opponent
1239,Turnover,10:21,11,Clear,10:25,Navy
1240,Clear,10:11,11,Goal,10:21,Navy
1241,Draw,7:40,11,Shot,0:00,opponent
1242,Shot,7:17,11,Clear,7:40,opponent
1243,Clear,6:56,11,Goal,7:17,Navy
1244,Draw,5:45,11,Shot,0:00,opponent
1245,Shot,5:23,11,Clear,5:45,opponent
1246,Clear,4:45,11,Goal,5:23,Navy
1247,Draw,3:17,11,Shot,0:00,Navy
1248,Shot,2:46,11,Shot,3:17,Navy
1249,Turnover,2:17,11,Shot,2:42,Navy
1250,Shot,1:54,11,Clear,2:17,Navy
1251,Clear,1:17,11,Shot,1:54,opponent
1252,Shot,1:00,11,Clear,1:17,opponent
1253,Clear,0:34,11,Turnover,1:00,Navy
1254,Draw,29:17:00,11,Goal,0:00,Navy
1255,Draw,27:19:00,11,Turnover,0:00,Navy
1256,Turnover,27:02:00,11,Clear,27:19:00,opponent
1257,Clear,26:33:00,11,Shot,27:02:00,opponent
1258,Turnover,26:05:00,11,Turnover,26:30:00,opponent
1259,Turnover,25:50:00,11,Clear,25:59:00,Navy
1260,Clear,25:30:00,11,Turnover,25:50:00,Navy
1261,Turnover,25:16:00,11,Clear,25:28:00,opponent
1262,Clear,25:15:00,11,Turnover,25:16:00,opponent
1263,Turnover,25:08:00,11,Goal,25:11:00,Navy
1264,Draw,23:02,11,Shot,0:00,Navy
1265,Shot,22:06,11,Shot,23:02,Navy
1266,Shot,21:51,11,Goal,22:06,Navy
1267,Draw,21:06,11,Clear,0:00,opponent
1268,Clear,21:02,11,Turnover,21:06,opponent
1269,Turnover,20:40,11,Goal,20:59,Navy
1270,Draw,19:15,11,Turnover,0:00,opponent
1271,Turnover,18:33,11,Shot,19:09,Navy
1272,Shot,18:21,11,Shot,18:33,Navy
1273,Shot,18:08,11,Clear,18:21,Navy
1274,Clear,17:56,11,Turnover,18:08,opponent
1275,Turnover,17:37,11,Clear,17:56,Navy
1276,Clear,17:33,11,Shot,17:37,Navy
1277,Shot,17:10,11,Clear,17:33,Navy
1278,Clear,16:57,11,Turnover,17:10,opponent
1279,Turnover,16:50,11,Clear,16:52,Navy
1280,Clear,16:47,11,Shot,16:50,Navy
1281,Turnover,15:42,11,Shot,16:45,Navy
1282,Turnover,15:35,11,Goal,15:39,Navy
1283,Draw,14:36,11,Shot,0:00,opponent
1284,Turnover,14:22,11,Clear,14:32,Navy
1285,Clear,14:00,11,Goal,14:22,Navy
1286,Draw,12:04,11,Goal,0:00,opponent
1287,Draw,10:37,11,Goal,0:00,opponent
1288,Draw,9:02,11,Turnover,0:00,Navy
1289,Turnover,8:47,11,Clear,9:02,opponent
1290,Clear,8:45,11,Shot,8:47,opponent
1291,Turnover,8:23,11,Shot,8:41,opponent
1292,Shot,8:08,11,Clear,8:23,opponent
1293,Clear,8:03,11,Shot,8:08,Navy
1294,Shot,7:46,11,Clear,8:03,Navy
1295,Clear,7:45,11,Turnover,7:46,opponent
1296,Turnover,7:36,11,Clear,7:42,Navy
1297,Clear,7:35,11,Turnover,7:36,Navy
1298,Turnover,6:34,11,Shot,7:35,opponent
1299,Turnover,6:17,11,Clear,6:29,Navy
1300,Clear,5:50,11,Turnover,6:17,Navy
1301,Turnover,5:19,11,Clear,5:25,opponent
1302,Clear,4:50,11,Goal,5:19,opponent
1303,Draw,3:06,11,Shot,0:00,opponent
1304,Shot,2:56,11,Turnover,3:06,opponent
1305,Turnover,2:30,11,Clear,2:52,Navy
1306,Clear,1:38,11,Shot,2:30,Navy
1307,Shot,1:27,11,Clear,1:38,Navy
1308,Clear,1:26,11,Turnover,1:27,opponent
1309,Turnover,0:47,11,Goal,1:21,Navy
1310,Draw,29:31:00,12,Shot,0:00,Navy
1311,Shot,29:12:00,12,Clear,29:31:00,Navy
1312,Clear,28:43:00,12,Turnover,29:12:00,opponent
1313,Turnover,28:36:00,12,Clear,28:38:00,Navy
1314,Clear,28:29:00,12,Goal,28:36:00,Navy
1315,Draw,28:14:00,12,Shot,0:00,Navy
1316,Shot,27:56:00,12,Clear,28:14:00,Navy
1317,Clear,27:25:00,12,Turnover,27:56:00,opponent
1318,Turnover,27:17:00,12,Clear,27:25:00,Navy
1319,Clear,26:38:00,12,Goal,27:17:00,Navy
1320,Draw,26:17:00,12,Shot,0:00,Navy
1321,Turnover,26:02:00,12,Clear,26:14:00,opponent
1322,Clear,25:22:00,12,Shot,26:02:00,opponent
1323,Shot,25:02:00,12,Goal,25:22:00,opponent
1324,Draw,24:34:00,12,Shot,0:00,Navy
1325,Shot,24:15:00,12,Clear,24:34:00,Navy
1326,Clear,24:13:00,12,Turnover,24:15:00,opponent
1327,Turnover,24:06:00,12,Shot,24:11:00,Navy
1328,Shot,23:39,12,Clear,24:06:00,Navy
1329,Clear,23:39,12,Turnover,23:39,opponent
1330,Turnover,23:28,12,Clear,23:34,Navy
1331,Clear,22:48,12,Shot,23:28,Navy
1332,Shot,22:32,12,Shot,22:48,Navy
1333,Shot,22:13,12,Clear,22:32,Navy
1334,Clear,21:24,12,Shot,22:13,opponent
1335,Turnover,21:09,12,Shot,21:13,opponent
1336,Turnover,21:05,12,Clear,21:09,Navy
1337,Clear,20:52,12,Shot,21:05,Navy
1338,Shot,20:42,12,Clear,20:52,Navy
1339,Clear,20:41,12,Turnover,20:42,opponent
1340,Turnover,20:34,12,Turnover,20:36,Navy
1341,Turnover,20:18,12,Clear,20:31,opponent
1342,Clear,19:08,12,Shot,20:18,opponent
1343,Shot,18:57,12,Clear,19:08,opponent
1344,Clear,18:52,12,Goal,18:57,Navy
1345,Draw,17:53,12,Turnover,0:00,opponent
1346,Turnover,17:51,12,Clear,17:53,Navy
1347,Clear,17:13,12,Goal,17:51,Navy
1348,Draw,16:56,12,Goal,0:00,Navy
1349,Draw,16:06,12,Goal,0:00,Navy
1350,Draw,15:42,12,Turnover,0:00,opponent
1351,Turnover,15:31,12,Clear,15:40,Navy
1352,Clear,15:21,12,Goal,15:31,Navy
1353,Draw,15:14,12,Shot,0:00,Navy
1354,Shot,15:01,12,Clear,15:14,Navy
1355,Clear,14:59,12,Turnover,15:01,opponent
1356,Turnover,14:13,12,Shot,14:57,Navy
1357,Turnover,13:55,12,Clear,14:09,opponent
1358,Clear,13:02,12,Turnover,13:55,opponent
1359,Turnover,12:53,12,Clear,12:58,Navy
1360,Clear,12:25,12,Goal,12:53,Navy
1361,Draw,12:07,12,Goal,0:00,Navy
1362,Draw,11:18,12,Goal,0:00,Navy
1363,Draw,10:18,12,Goal,0:00,Navy
1364,Draw,9:08,12,Goal,0:00,Navy
1365,Draw,7:35,12,Goal,0:00,Navy
1366,Draw,5:54,12,Goal,0:00,Navy
1367,Draw,3:56,12,Turnover,0:00,opponent
1368,Turnover,3:43,12,Goal,3:53,Navy
1369,Draw,2:12,12,Turnover,0:00,Navy
1370,Turnover,1:57,12,Clear,2:09,opponent
1371,Clear,0:50,12,Turnover,1:57,opponent
1372,Turnover,0:37,12,Clear,0:45,Navy
1373,Clear,0:20,12,Turnover,0:37,Navy
1374,Turnover,0:16,12,Clear,0:20,opponent
1375,Clear,0:14,12,Turnover,0:16,opponent
1376,Turnover,0:09,12,Shot,0:12,Navy
1377,Draw,29:20:00,12,Goal,0:00,Navy
1378,Draw,27:51:00,12,Shot,0:00,Navy
1379,Shot,27:40:00,12,Shot,27:51:00,Navy
1380,Shot,27:21:00,12,Clear,27:40:00,Navy
1381,Clear,27:14:00,12,Shot,27:21:00,opponent
1382,Turnover,26:29:00,12,Turnover,27:11:00,opponent
1383,Turnover,26:07:00,12,Clear,26:25:00,Navy
1384,Clear,26:05:00,12,Turnover,26:07:00,Navy
1385,Turnover,25:44:00,12,Clear,26:03:00,opponent
1386,Clear,25:15:00,12,Goal,25:44:00,opponent
1387,Draw,23:27,12,Shot,0:00,Navy
1388,Turnover,23:02,12,Clear,23:20,opponent
1389,Clear,22:35,12,Shot,23:02,opponent
1390,Shot,22:15,12,Shot,22:35,opponent
1391,Turnover,21:55,12,Shot,22:07,opponent
1392,Shot,21:42,12,Clear,21:55,opponent
1393,Clear,21:36,12,Shot,21:42,Navy
1394,Turnover,21:26,12,Clear,21:33,opponent
1395,Clear,21:21,12,Shot,21:26,opponent
1396,Turnover,20:57,12,Clear,21:19,Navy
1397,Clear,19:59,12,Shot,20:57,Navy
1398,Turnover,19:30,12,Clear,19:56,opponent
1399,Clear,18:49,12,Shot,19:30,opponent
1400,Shot,17:52,12,Goal,18:49,opponent
1401,Draw,17:04,12,Turnover,0:00,Navy
1402,Turnover,16:56,12,Clear,17:00,opponent
1403,Clear,16:12,12,Turnover,16:56,opponent
1404,Turnover,16:12,12,Clear,16:12,Navy
1405,Clear,15:12,12,Goal,16:12,Navy
1406,Draw,14:39,12,Turnover,0:00,opponent
1407,Turnover,14:33,12,Clear,14:37,Navy
1408,Clear,14:27,12,Shot,14:33,Navy
1409,Turnover,14:04,12,Clear,14:24,opponent
1410,Clear,12:20,12,Turnover,14:04,opponent
1411,Turnover,12:06,12,Clear,12:14,Navy
1412,Clear,11:25,12,Shot,12:06,Navy
1413,Shot,11:08,12,Goal,11:25,Navy
1414,Draw,8:54,12,Goal,0:00,Navy
1415,Draw,7:33,12,Shot,0:00,Navy
1416,Turnover,7:26,12,Clear,7:30,opponent
1417,Clear,7:24,12,Turnover,7:26,opponent
1418,Turnover,6:59,12,Goal,7:21,Navy
1419,Draw,5:40,12,Goal,0:00,opponent
1420,Draw,4:03,12,Turnover,0:00,opponent
1421,Turnover,3:49,12,Clear,3:56,Navy
1422,Clear,3:21,12,Shot,3:49,Navy
1423,Shot,3:03,12,Clear,3:21,Navy
1424,Clear,2:57,12,Shot,3:03,opponent
1425,Shot,2:30,12,Shot,2:57,opponent
1426,Shot,2:12,12,Clear,2:30,opponent
1427,Clear,2:10,12,Turnover,2:12,Navy
1428,Turnover,1:38,12,Goal,2:10,opponent
1429,Draw,0:35,12,Goal,0:00,Navy
1430,Draw,28:06:00,13,Shot,0:00,opponent
1431,Shot,27:34:00,13,Clear,28:06:00,opponent
1432,Clear,27:06:00,13,Goal,27:34:00,Navy
1433,Draw,26:47:00,13,Goal,0:00,Navy
1434,Draw,26:04:00,13,Shot,0:00,Navy
1435,Shot,25:51:00,13,Shot,26:04:00,Navy
1436,Shot,25:32:00,13,Shot,25:51:00,Navy
1437,Turnover,25:24:00,13,Turnover,25:30:00,Navy
1438,Turnover,24:54:00,13,Clear,25:24:00,opponent
1439,Clear,24:51:00,13,Turnover,24:54:00,opponent
1440,Turnover,24:43:00,13,Goal,24:51:00,Navy
1441,Draw,24:23:00,13,Goal,0:00,Navy
1442,Draw,24:09:00,13,Shot,0:00,Navy
1443,Shot,24:03:00,13,Clear,24:09:00,Navy
1444,Clear,23:30,13,Shot,24:03:00,opponent
1445,Turnover,23:15,13,Clear,23:29,Navy
1446,Clear,23:13,13,Turnover,23:15,Navy
1447,Turnover,23:02,13,Clear,23:09,opponent
1448,Clear,22:29,13,Shot,23:02,opponent
1449,Turnover,22:24,13,Clear,22:27,Navy
1450,Clear,22:17,13,Turnover,22:24,Navy
1451,Turnover,21:58,13,Turnover,22:14,opponent
1452,Turnover,21:53,13,Clear,21:54,Navy
1453,Clear,21:38,13,Goal,21:53,Navy
1454,Draw,21:15,13,Shot,0:00,Navy
1455,Shot,20:55,13,Clear,21:15,Navy
1456,Clear,20:09,13,Turnover,20:55,opponent
1457,Turnover,20:02,13,Clear,20:09,Navy
1458,Clear,19:53,13,Shot,20:02,Navy
1459,Shot,19:43,13,Shot,19:53,Navy
1460,Shot,19:27,13,Clear,19:43,Navy
1461,Clear,18:32,13,Turnover,19:27,opponent
1462,Turnover,18:26,13,Turnover,18:32,Navy
1463,Turnover,18:20,13,Clear,18:23,opponent
1464,Clear,17:36,13,Goal,18:20,opponent
1465,Draw,16:59,13,Shot,0:00,Navy
1466,Shot,16:50,13,Clear,16:59,Navy
1467,Clear,16:11,13,Shot,16:50,opponent
1468,Turnover,16:00,13,Clear,16:09,Navy
1469,Clear,15:43,13,Goal,16:00,Navy
1470,Draw,15:38,13,Turnover,0:00,opponent
1471,Turnover,15:31,13,Turnover,15:36,Navy
1472,Turnover,14:50,13,Turnover,15:31,opponent
1473,Turnover,14:45,13,Clear,14:46,Navy
1474,Clear,14:26,13,Goal,14:45,Navy
1475,Draw,13:44,13,Shot,0:00,Navy
1476,Turnover,13:27,13,Clear,13:43,opponent
1477,Clear,12:59,13,Shot,13:27,opponent
1478,Turnover,11:36,13,Goal,12:56,opponent
1479,Draw,10:58,13,Shot,0:00,Navy
1480,Turnover,10:49,13,Shot,10:55,Navy
1481,Shot,10:22,13,Clear,10:49,Navy
1482,Clear,9:32,13,Turnover,10:22,opponent
1483,Turnover,9:26,13,Clear,9:29,Navy
1484,Clear,9:16,13,Shot,9:26,Navy
1485,Shot,8:48,13,Turnover,9:16,opponent
1486,Turnover,8:45,13,Clear,8:46,Navy
1487,Clear,8:15,13,Goal,8:45,Navy
1488,Draw,7:44,13,Shot,0:00,Navy
1489,Shot,6:59,13,Clear,7:44,Navy
1490,Clear,6:57,13,Goal,6:59,opponent
1491,Draw,6:00,13,Goal,0:00,opponent
1492,Draw,4:47,13,Turnover,0:00,Navy
1493,Turnover,4:16,13,Clear,4:45,opponent
1494,Clear,4:09,13,Goal,4:16,opponent
1495,Draw,3:55,13,Turnover,0:00,opponent
1496,Turnover,3:52,13,Clear,3:55,Navy
1497,Clear,3:31,13,Goal,3:52,Navy
1498,Draw,2:09,13,Shot,0:00,opponent
1499,Shot,1:52,13,Shot,2:09,opponent
1500,Shot,1:32,13,Clear,1:52,opponent
1501,Clear,1:19,13,Shot,1:32,Navy
1502,Turnover,0:52,13,Goal,1:17,Navy
1503,Draw,0:32,13,Goal,0:00,Navy
1504,Draw,0:16,13,Goal,0:00,Navy
1505,Draw,0:03,13,Goal,0:00,Navy
1506,Draw,29:23:00,13,Shot,0:00,Navy
1507,Shot,29:05:00,13,Shot,29:23:00,Navy
1508,Shot,28:55:00,13,Shot,29:05:00,Navy
1509,Turnover,28:55:00,13,Shot,28:55:00,Navy
1510,Shot,28:35:00,13,Goal,28:55:00,Navy
1511,Draw,28:16:00,13,Shot,0:00,Navy
1512,Shot,27:34:00,13,Turnover,28:16:00,Navy
1513,Turnover,26:59:00,13,Clear,27:31:00,opponent
1514,Clear,26:06:00,13,Shot,26:59:00,opponent
1515,Shot,25:54:00,13,Clear,26:06:00,opponent
1516,Clear,25:36:00,13,Turnover,25:54:00,Navy
1517,Turnover,25:14:00,13,Clear,25:34:00,opponent
1518,Clear,24:11:00,13,Shot,25:14:00,opponent
1519,Shot,23:56,13,Clear,24:11:00,opponent
1520,Clear,23:06,13,Goal,23:56,Navy
1521,Draw,21:19,13,Goal,0:00,Navy
1522,Draw,19:32,13,Goal,0:00,Navy
1523,Draw,17:26,13,Shot,0:00,opponent
1524,Turnover,17:20,13,Shot,17:25,opponent
1525,Shot,16:54,13,Clear,17:20,opponent
1526,Clear,16:21,13,Turnover,16:54,Navy
1527,Turnover,15:58,13,Turnover,16:21,opponent
1528,Turnover,15:54,13,Clear,15:56,Navy
1529,Clear,15:16,13,Goal,15:54,Navy
1530,Draw,13:15,13,Goal,0:00,Navy
1531,Draw,12:07,13,Shot,0:00,opponent
1532,Turnover,11:48,13,Clear,12:05,Navy
1533,Clear,11:06,13,Goal,11:48,Navy
1534,Draw,9:39,13,Shot,0:00,opponent
1535,Shot,8:45,13,Turnover,9:39,opponent
1536,Turnover,8:31,13,Clear,8:43,Navy
1537,Clear,8:09,13,Goal,8:31,Navy
1538,Draw,5:16,13,Goal,0:00,opponent
1539,Draw,3:29,13,Goal,0:00,Navy
1540,Draw,1:48,13,Shot,0:00,opponent
1541,Shot,0:47,13,Shot,1:48,opponent
1542,Turnover,0:33,13,Clear,0:39,Navy
1543,Clear,0:09,13,Goal,0:33,Navy
1544,Draw,29:03:00,14,Goal,0:00,opponent
1545,Draw,28:08:00,14,Turnover,0:00,Navy
1546,Turnover,27:45:00,14,Clear,28:05:00,opponent
1547,Clear,26:46:00,14,Goal,27:45:00,opponent
1548,Draw,25:46:00,14,Goal,0:00,opponent
1549,Draw,24:58:00,14,Shot,0:00,opponent
1550,Turnover,24:35:00,14,Clear,24:56:00,Navy
1551,Clear,24:32:00,14,Turnover,24:35:00,Navy
1552,Turnover,24:19:00,14,Turnover,24:32:00,opponent
1553,Turnover,24:12:00,14,Clear,24:19:00,Navy
1554,Clear,23:57,14,Turnover,24:12:00,Navy
1555,Turnover,23:49,14,Clear,23:51,opponent
1556,Clear,23:37,14,Turnover,23:49,opponent
1557,Turnover,23:19,14,Clear,23:37,Navy
1558,Clear,23:08,14,Shot,23:19,Navy
1559,Turnover,23:06,14,Shot,23:07,Navy
1560,Turnover,23:01,14,Shot,23:02,Navy
1561,Turnover,22:39,14,Clear,22:56,opponent
1562,Clear,22:02,14,Turnover,22:39,opponent
1563,Turnover,21:54,14,Clear,22:02,Navy
1564,Clear,21:14,14,Goal,21:54,Navy
1565,Draw,21:02,14,Turnover,0:00,opponent
1566,Turnover,20:42,14,Clear,20:59,Navy
1567,Clear,19:53,14,Shot,20:42,Navy
1568,Turnover,19:40,14,Shot,19:50,Navy
1569,Turnover,19:24,14,Shot,19:38,opponent
1570,Shot,19:00,14,Clear,19:24,opponent
1571,Clear,18:12,14,Goal,19:00,opponent
1572,Draw,17:41,14,Turnover,0:00,Navy
1573,Turnover,17:15,14,Clear,17:35,opponent
1574,Clear,16:44,14,Goal,17:15,opponent
1575,Draw,16:16,14,Turnover,0:00,opponent
1576,Turnover,16:10,14,Clear,16:14,Navy
1577,Clear,15:43,14,Goal,16:10,Navy
1578,Draw,14:53,14,Shot,0:00,Navy
1579,Turnover,14:41,14,Clear,14:49,opponent
1580,Clear,14:21,14,Goal,14:41,opponent
1581,Draw,13:32,14,Shot,0:00,Navy
1582,Shot,13:23,14,Shot,13:32,Navy
1583,Shot,13:06,14,Turnover,13:23,Navy
1584,Turnover,12:47,14,Clear,13:03,opponent
1585,Clear,12:01,14,Turnover,12:47,opponent
1586,Turnover,11:55,14,Clear,11:58,Navy
1587,Clear,11:45,14,Goal,11:55,Navy
1588,Draw,10:44,14,Goal,0:00,opponent
1589,Draw,10:14,14,Turnover,0:00,Navy
1590,Turnover,9:53,14,Clear,10:12,opponent
1591,Clear,8:45,14,Goal,9:53,opponent
1592,Draw,8:15,14,Turnover,0:00,Navy
1593,Turnover,7:58,14,Clear,8:14,opponent
1594,Clear,7:42,14,Goal,7:58,opponent
1595,Draw,6:36,14,Shot,0:00,Navy
1596,Shot,6:28,14,Shot,6:36,Navy
1597,Turnover,6:10,14,Clear,6:26,opponent
1598,Clear,5:07,14,Goal,6:10,opponent
1599,Draw,4:35,14,Shot,0:00,opponent
1600,Shot,4:30,14,Turnover,4:35,opponent
1601,Turnover,4:13,14,Clear,4:28,Navy
1602,Clear,3:51,14,Turnover,4:13,Navy
1603,Turnover,3:39,14,Clear,3:48,opponent
1604,Clear,3:33,14,Turnover,3:39,opponent
1605,Turnover,3:24,14,Clear,3:31,Navy
1606,Clear,2:51,14,Goal,3:24,Navy
1607,Draw,2:15,14,Shot,0:00,Navy
1608,Shot,1:20,14,Shot,2:15,Navy
1609,Shot,0:42,14,Clear,1:20,Navy
1610,Clear,0:12,14,Goal,0:42,opponent
1611,Draw,0:02,14,Turnover,0:00,Navy
1612,Draw,29:26:00,14,Shot,0:00,Navy
1613,Turnover,28:52:00,14,Clear,29:23:00,opponent
1614,Clear,28:02:00,14,Goal,28:52:00,opponent
1615,Draw,27:27:00,14,Shot,0:00,Navy
1616,Shot,27:14:00,14,Clear,27:27:00,Navy
1617,Clear,27:05:00,14,Turnover,27:14:00,opponent
1618,Turnover,26:47:00,14,Clear,26:59:00,Navy
1619,Clear,26:46:00,14,Turnover,26:47:00,Navy
1620,Turnover,26:30:00,14,Clear,26:42:00,opponent
1621,Clear,26:30:00,14,Turnover,26:30:00,opponent
1622,Turnover,26:26:00,14,Clear,26:28:00,Navy
1623,Clear,26:17:00,14,Shot,26:26:00,Navy
1624,Shot,25:59:00,14,Clear,26:17:00,Navy
1625,Clear,24:52:00,14,Goal,25:59:00,opponent
1626,Draw,24:19:00,14,Turnover,0:00,Navy
1627,Turnover,24:08:00,14,Clear,24:16:00,opponent
1628,Clear,23:19,14,Goal,24:08:00,opponent
1629,Draw,21:04,14,Shot,0:00,Navy
1630,Shot,20:49,14,Clear,21:04,Navy
1631,Clear,19:23,14,Shot,20:49,opponent
1632,Turnover,19:11,14,Clear,19:19,Navy
1633,Clear,19:01,14,Goal,19:11,Navy
1634,Draw,17:52,14,Shot,0:00,opponent
1635,Turnover,16:05,14,Goal,17:52,opponent
1636,Draw,14:34,14,Shot,0:00,Navy
1637,Turnover,14:03,14,Clear,14:32,opponent
1638,Clear,13:31,14,Turnover,14:03,opponent
1639,Turnover,13:18,14,Clear,13:26,Navy
1640,Clear,13:18,14,Turnover,13:18,Navy
1641,Turnover,12:58,14,Clear,13:14,opponent
1642,Clear,11:53,14,Shot,12:58,opponent
1643,Shot,11:19,14,Shot,11:53,opponent
1644,Shot,10:55,14,Clear,11:19,opponent
1645,Clear,10:55,14,Turnover,10:55,Navy
1646,Turnover,10:09,14,Goal,10:55,opponent
1647,Draw,8:46,14,Shot,0:00,Navy
1648,Turnover,8:27,14,Clear,8:42,opponent
1649,Clear,8:25,14,Turnover,8:27,opponent
1650,Turnover,7:48,14,Turnover,8:24,Navy
1651,Turnover,7:22,14,Clear,7:48,opponent
1652,Clear,6:11,14,Shot,7:22,opponent
1653,Shot,5:57,14,Clear,6:11,opponent
1654,Clear,4:35,14,Goal,5:57,Navy
1655,Draw,3:04,14,Turnover,0:00,Navy
1656,Turnover,2:47,14,Clear,3:04,opponent
1657,Clear,1:35,14,Shot,2:47,opponent
1658,Shot,0:55,14,Turnover,1:35,opponent
1659,Turnover,0:47,14,Clear,0:50,Navy
1660,Draw,29:09:00,15,Goal,0:00,Navy
1661,Draw,28:24:00,15,Goal,0:00,opponent
1662,Draw,27:59:00,15,Turnover,0:00,opponent
1663,Turnover,27:42:00,15,Clear,27:56:00,Navy
1664,Clear,27:25:00,15,Shot,27:42:00,Navy
1665,Shot,27:05:00,15,Clear,27:25:00,Navy
1666,Clear,27:05:00,15,Turnover,27:05:00,opponent
1667,Turnover,26:08:00,15,Goal,27:00:00,Navy
1668,Draw,25:31:00,15,Goal,0:00,Navy
1669,Draw,24:29:00,15,Goal,0:00,opponent
1670,Draw,23:37,15,Shot,0:00,Navy
1671,Shot,23:26,15,Clear,23:37,Navy
1672,Clear,23:07,15,Goal,23:26,opponent
1673,Draw,22:30,15,Goal,0:00,opponent
1674,Draw,22:05,15,Goal,0:00,opponent
1675,Draw,20:40,15,Shot,0:00,Navy
1676,Shot,20:38,15,Shot,20:40,Navy
1677,Shot,20:25,15,Turnover,20:38,Navy
1678,Turnover,20:18,15,Clear,20:25,opponent
1679,Clear,19:22,15,Goal,20:18,opponent
1680,Draw,18:30,15,Shot,0:00,Navy
1681,Shot,18:14,15,Clear,18:30,Navy
1682,Clear,17:17,15,Shot,18:14,opponent
1683,Turnover,17:07,15,Clear,17:15,Navy
1684,Clear,17:01,15,Shot,17:07,Navy
1685,Shot,16:38,15,Clear,17:01,Navy
1686,Clear,15:55,15,Shot,16:38,opponent
1687,Shot,15:37,15,Clear,15:55,opponent
1688,Clear,15:05,15,Shot,15:37,Navy
1689,Shot,14:46,15,Clear,15:05,Navy
1690,Clear,14:21,15,Shot,14:46,opponent
1691,Shot,14:01,15,Clear,14:21,opponent
1692,Clear,12:58,15,Shot,14:01,Navy
1693,Turnover,12:46,15,Clear,12:53,opponent
1694,Clear,11:42,15,Goal,12:46,opponent
1695,Draw,10:57,15,Turnover,0:00,Navy
1696,Turnover,10:38,15,Clear,10:55,opponent
1697,Clear,9:41,15,Turnover,10:38,opponent
1698,Turnover,9:16,15,Clear,9:38,Navy
1699,Clear,8:14,15,Goal,9:16,Navy
1700,Draw,7:52,15,Goal,0:00,opponent
1701,Draw,7:28,15,Shot,0:00,Navy
1702,Shot,6:59,15,Clear,7:28,Navy
1703,Clear,6:15,15,Goal,6:59,opponent
1704,Draw,5:37,15,Shot,0:00,Navy
1705,Shot,5:18,15,Clear,5:37,Navy
1706,Clear,5:04,15,Turnover,5:18,opponent
1707,Turnover,4:55,15,Clear,5:01,Navy
1708,Clear,4:54,15,Turnover,4:55,Navy
1709,Turnover,3:40,15,Goal,4:53,opponent
1710,Draw,2:21,15,Goal,0:00,opponent
1711,Draw,2:15,15,Turnover,0:00,Navy
1712,Turnover,2:00,15,Clear,2:12,opponent
1713,Clear,1:00,15,Goal,2:00,opponent
1714,Draw,0:26,15,Shot,0:00,Navy
1715,Shot,0:12,15,Goal,0:26,Navy
1716,Draw,0:01,15,Shot,0:00,Navy
1717,Draw,29:17:00,15,Goal,0:00,Navy
1718,Draw,28:07:00,15,Turnover,0:00,opponent
1719,Turnover,28:00:00,15,Clear,28:07:00,Navy
1720,Clear,27:25:00,15,Goal,28:00:00,Navy
1721,Draw,27:03:00,15,Turnover,0:00,Navy
1722,Turnover,26:45:00,15,Clear,27:03:00,opponent
1723,Clear,26:12:00,15,Goal,26:45:00,opponent
1724,Draw,25:21:00,15,Goal,0:00,opponent
1725,Draw,24:42:00,15,Turnover,0:00,Navy
1726,Turnover,24:31:00,15,Clear,24:42:00,opponent
1727,Clear,23:50,15,Goal,24:31:00,opponent
1728,Draw,22:38,15,Shot,0:00,opponent
1729,Shot,22:35,15,Shot,22:38,opponent
1730,Turnover,22:11,15,Clear,22:35,Navy
1731,Clear,21:32,15,Shot,22:11,Navy
1732,Shot,20:50,15,Clear,21:32,Navy
1733,Clear,20:10,15,Goal,20:50,opponent
1734,Draw,18:41,15,Shot,0:00,opponent
1735,Shot,18:36,15,Shot,18:41,opponent
1736,Turnover,18:26,15,Goal,18:26,opponent
1737,Draw,17:06,15,Shot,0:00,opponent
1738,Shot,16:54,15,Shot,17:06,opponent
1739,Turnover,15:53,15,Goal,16:53,opponent
1740,Draw,13:16,15,Goal,0:00,Navy
1741,Draw,10:45,15,Goal,0:00,Navy
1742,Draw,10:02,15,Turnover,0:00,opponent
1743,Turnover,9:55,15,Clear,9:59,Navy
1744,Clear,9:42,15,Shot,9:55,Navy
1745,Shot,8:49,15,Shot,9:42,Navy
1746,Shot,8:43,15,Turnover,8:49,Navy
1747,Turnover,8:23,15,Clear,8:41,opponent
1748,Clear,7:20,15,Goal,8:23,opponent
1749,Draw,5:09,15,Goal,0:00,opponent
1750,Draw,4:12,15,Turnover,0:00,Navy
1751,Turnover,3:45,15,Clear,4:09,opponent
1752,Clear,2:23,15,Goal,3:45,opponent
1753,Draw,28:51:00,16,Turnover,0:00,Navy
1754,Turnover,28:37:00,16,Clear,28:40:00,opponent
1755,Clear,28:20:00,16,Turnover,28:37:00,opponent
1756,Turnover,27:49:00,16,Goal,28:20:00,Navy
1757,Draw,27:24:00,16,Turnover,0:00,Navy
1758,Turnover,27:08:00,16,Clear,27:16:00,opponent
1759,Clear,26:42:00,16,Goal,27:08:00,opponent
1760,Draw,26:12:00,16,Goal,0:00,opponent
1761,Draw,25:33:00,16,Shot,0:00,Navy
1762,Turnover,25:13:00,16,Clear,25:26:00,opponent
1763,Clear,25:03:00,16,Shot,25:13:00,opponent
1764,Turnover,24:36:00,16,Turnover,24:51:00,opponent
1765,Turnover,24:17:00,16,Clear,24:20:00,Navy
1766,Clear,24:05:00,16,Goal,24:17:00,Navy
1767,Draw,23:27,16,Shot,0:00,Navy
1768,Turnover,23:17,16,Clear,23:21,opponent
1769,Clear,22:42,16,Goal,23:17,opponent
1770,Draw,22:07,16,Shot,0:00,Navy
1771,Turnover,21:45,16,Clear,21:58,opponent
1772,Clear,21:34,16,Shot,21:45,opponent
1773,Turnover,21:17,16,Clear,21:29,Navy
1774,Clear,20:49,16,Goal,21:17,Navy
1775,Draw,20:32,16,Turnover,0:00,Navy
1776,Turnover,20:23,16,Clear,20:27,opponent
1777,Clear,19:41,16,Turnover,20:23,opponent
1778,Turnover,19:22,16,Clear,19:41,Navy
1779,Clear,19:28,16,Goal,19:22,Navy
1780,Draw,19:13,16,Shot,0:00,Navy
1781,Turnover,18:58,16,Turnover,19:07,Navy
1782,Turnover,18:45,16,Clear,18:52,opponent
1783,Clear,18:21,16,Turnover,18:45,opponent
1784,Turnover,18:09,16,Clear,18:15,Navy
1785,Clear,17:15,16,Goal,18:09,Navy
1786,Draw,16:26,16,Turnover,0:00,opponent
1787,Turnover,15:59,16,Shot,16:25,Navy
1788,Turnover,15:41,16,Clear,15:54,opponent
1789,Clear,14:30,16,Shot,15:41,opponent
1790,Turnover,14:15,16,Clear,14:22,Navy
1791,Clear,14:00,16,Shot,14:15,Navy
1792,Turnover,13:48,16,Clear,13:54,opponent
1793,Clear,13:28,16,Goal,13:48,opponent
1794,Draw,13:10,16,Turnover,0:00,opponent
1795,Turnover,13:04,16,Clear,13:07,Navy
1796,Clear,12:11,16,Shot,13:04,Navy
1797,Shot,12:03,16,Clear,12:11,Navy
1798,Clear,11:16,16,Turnover,12:03,opponent
1799,Turnover,11:16,16,Clear,11:16,Navy
1800,Clear,11:16,16,Shot,11:16,Navy
1801,Turnover,10:56,16,Turnover,11:16,Navy
1802,Turnover,10:40,16,Clear,10:55,opponent
1803,Clear,9:37,16,Turnover,10:40,opponent
1804,Turnover,9:26,16,Clear,9:35,Navy
1805,Clear,9:25,16,Turnover,9:26,Navy
1806,Turnover,9:01,16,Shot,9:25,opponent
1807,Turnover,8:37,16,Clear,8:59,Navy
1808,Clear,7:39,16,Turnover,8:37,Navy
1809,Turnover,7:30,16,Clear,7:33,opponent
1810,Clear,7:20,16,Goal,7:30,opponent
1811,Draw,7:08,16,Turnover,0:00,opponent
1812,Turnover,6:54,16,Clear,7:08,Navy
1813,Clear,6:25,16,Goal,6:54,Navy
1814,Draw,5:47,16,Shot,0:00,Navy
1815,Turnover,5:37,16,Clear,5:40,opponent
1816,Clear,5:19,16,Turnover,5:37,opponent
1817,Turnover,4:52,16,Clear,5:18,Navy
1818,Clear,3:40,16,Shot,4:52,Navy
1819,Shot,3:22,16,Clear,3:40,Navy
1820,Clear,2:35,16,Shot,3:22,opponent
1821,Turnover,1:32,16,Turnover,2:31,opponent
1822,Turnover,1:23,16,Clear,1:27,Navy
1823,Clear,1:19,16,Turnover,1:23,Navy
1824,Turnover,1:16,16,Turnover,1:19,opponent
1825,Turnover,1:09,16,Shot,1:11,Navy
1826,Shot,0:51,16,Clear,1:09,Navy
1827,Clear,0:43,16,Shot,0:51,opponent
1828,Shot,0:22,16,Clear,0:43,opponent
1829,Clear,0:11,16,Shot,0:22,Navy
1830,Draw,29:39:00,16,Clear,0:00,opponent
1831,Clear,29:25:00,16,Shot,29:39:00,opponent
1832,Shot,29:12:00,16,Goal,29:25:00,opponent
1833,Draw,28:44:00,16,Shot,0:00,Navy
1834,Shot,28:33:00,16,Clear,28:44:00,Navy
1835,Clear,27:49:00,16,Goal,28:33:00,opponent
1836,Draw,27:40:00,16,Clear,0:00,opponent
1837,Clear,27:31:00,16,Turnover,27:40:00,opponent
1838,Turnover,27:24:00,16,Clear,27:27:00,Navy
1839,Clear,27:15:00,16,Turnover,27:24:00,Navy
1840,Turnover,25:38:00,16,Goal,27:15:00,opponent
1841,Draw,24:47:00,16,Goal,0:00,Navy
1842,Draw,24:30:00,16,Shot,0:00,Navy
1843,Shot,24:28:00,16,Shot,24:30:00,Navy
1844,Shot,24:12:00,16,Clear,24:28:00,Navy
1845,Clear,23:27,16,Shot,24:12:00,opponent
1846,Shot,23:09,16,Clear,23:27,opponent
1847,Clear,22:30,16,Turnover,23:09,Navy
1848,Turnover,22:19,16,Clear,22:26,opponent
1849,Clear,22:15,16,Turnover,22:19,opponent
1850,Turnover,21:37,16,Shot,22:15,Navy
1851,Shot,21:27,16,Clear,21:37,Navy
1852,Clear,21:09,16,Turnover,21:27,opponent
1853,Turnover,20:56,16,Shot,21:07,Navy
1854,Shot,20:33,16,Shot,20:56,Navy
1855,Shot,20:27,16,Clear,20:33,Navy
1856,Clear,19:53,16,Goal,20:27,opponent
1857,Draw,19:45,16,Turnover,0:00,opponent
1858,Turnover,19:39,16,Turnover,19:42,Navy
1859,Turnover,18:29,16,Shot,19:32,opponent
1860,Shot,18:11,16,Turnover,18:29,opponent
1861,Turnover,18:04,16,Clear,18:11,Navy
1862,Clear,17:53,16,Shot,18:04,Navy
1863,Turnover,16:40,16,Turnover,17:48,Navy
1864,Turnover,16:34,16,Clear,16:37,opponent
1865,Clear,16:28,16,Shot,16:34,opponent
1866,Shot,16:23,16,Clear,16:28,opponent
1867,Clear,15:42,16,Shot,16:23,Navy
1868,Shot,15:38,16,Clear,15:42,Navy
1869,Clear,14:58,16,Shot,15:38,opponent
1870,Shot,14:40,16,Clear,14:58,opponent
1871,Clear,14:34,16,Turnover,14:40,Navy
1872,Turnover,14:26,16,Shot,14:34,opponent
1873,Shot,13:45,16,Shot,14:26,Navy
1874,Turnover,13:34,16,Shot,13:42,Navy
1875,Shot,13:31,16,Shot,13:34,Navy
1876,Turnover,12:58,16,Turnover,13:22,Navy
1877,Turnover,12:52,16,Clear,12:58,opponent
1878,Clear,12:26,16,Goal,12:52,opponent
1879,Draw,11:17,16,Shot,0:00,opponent
1880,Turnover,11:11,16,Clear,11:15,Navy
1881,Clear,9:57,16,Shot,11:11,Navy
1882,Shot,9:32,16,Clear,9:57,Navy
1883,Clear,9:01,16,Turnover,9:32,opponent
1884,Turnover,8:55,16,Clear,8:57,Navy
1885,Clear,8:51,16,Turnover,8:55,Navy
1886,Turnover,7:56,16,Shot,8:44,opponent
1887,Turnover,7:25,16,Shot,7:51,opponent
1888,Shot,7:18,16,Goal,7:25,opponent
1889,Draw,7:10,16,Turnover,0:00,opponent
1890,Turnover,6:07,16,Goal,7:07,Navy
1891,Draw,5:36,16,Goal,0:00,Navy
1892,Draw,5:10,16,Goal,0:00,Navy
1893,Draw,4:08,16,Goal,0:00,Navy
1894,Draw,3:37,16,Goal,0:00,Navy
1895,Draw,2:11,16,Shot,0:00,Navy
1896,Shot,1:34,16,Turnover,2:11,Navy
1897,Turnover,0:51,16,Shot,1:30,opponent
1898,Turnover,0:43,16,Shot,0:46,opponent
1899,Turnover,0:34,16,Clear,0:39,Navy
1900,Draw,29:11:00,17,Turnover,0:00,Navy
1901,Turnover,28:41:00,17,Clear,29:08:00,opponent
1902,Clear,28:30:00,17,Shot,28:41:00,opponent
1903,Turnover,27:51:00,17,Shot,28:22:00,opponent
1904,Shot,27:16:00,17,Clear,27:51:00,opponent
1905,Clear,27:03:00,17,Turnover,27:16:00,Navy
1906,Turnover,26:36:00,17,Clear,27:03:00,opponent
1907,Clear,26:31:00,17,Shot,26:36:00,opponent
1908,Shot,26:05:00,17,Clear,26:31:00,opponent
1909,Clear,25:23:00,17,Goal,26:05:00,Navy
1910,Draw,24:53:00,17,Turnover,0:00,opponent
1911,Turnover,24:03:00,17,Turnover,24:40:00,Navy
1912,Turnover,23:38,17,Clear,23:52,opponent
1913,Clear,23:28,17,Clear,23:38,opponent
1914,Clear,23:07,17,Shot,23:28,opponent
1915,Shot,22:24,17,Turnover,23:07,opponent
1916,Turnover,22:12,17,Clear,22:24,Navy
1917,Clear,21:54,17,Turnover,22:12,Navy
1918,Turnover,21:35,17,Clear,21:45,opponent
1919,Clear,21:28,17,Turnover,21:35,opponent
1920,Turnover,20:53,17,Turnover,21:28,Navy
1921,Turnover,20:30,17,Clear,20:53,opponent
1922,Clear,20:12,17,Clear,20:30,opponent
1923,Clear,20:10,17,Turnover,20:12,opponent
1924,Turnover,20:06,17,Clear,20:10,Navy
1925,Clear,18:57,17,Shot,20:06,Navy
1926,Shot,18:31,17,Clear,18:57,Navy
1927,Clear,17:59,17,Goal,18:31,opponent
1928,Draw,17:32,17,Shot,0:00,Navy
1929,Shot,17:16,17,Goal,17:32,Navy
1930,Draw,17:07,17,Turnover,0:00,Navy
1931,Turnover,17:00,17,Clear,17:02,opponent
1932,Clear,16:59,17,Turnover,17:00,opponent
1933,Turnover,16:54,17,Turnover,16:56,Navy
1934,Turnover,16:28,17,Clear,16:54,opponent
1935,Clear,15:50,17,Turnover,16:28,opponent
1936,Turnover,15:40,17,Clear,15:50,Navy
1937,Clear,14:53,17,Shot,15:40,Navy
1938,Turnover,14:32,17,Goal,14:49,Navy
1939,Draw,13:58,17,Turnover,0:00,Navy
1940,Turnover,13:48,17,Clear,13:58,opponent
1941,Clear,13:43,17,Shot,13:48,opponent
1942,Shot,13:28,17,Shot,13:43,opponent
1943,Turnover,13:08,17,Clear,13:19,Navy
1944,Clear,12:31,17,Turnover,13:08,Navy
1945,Turnover,11:57,17,Clear,12:31,opponent
1946,Clear,11:45,17,Turnover,11:57,opponent
1947,Turnover,11:30,17,Clear,11:43,Navy
1948,Clear,11:02,17,Turnover,11:30,Navy
1949,Turnover,10:44,17,Clear,10:59,opponent
1950,Clear,10:03,17,Goal,10:44,opponent
1951,Draw,9:53,17,Goal,0:00,Navy
1952,Draw,9:34,17,Goal,0:00,Navy
1953,Draw,9:27,17,Turnover,0:00,Navy
1954,Turnover,8:37,17,Clear,9:27,opponent
1955,Clear,8:36,17,Turnover,8:37,opponent
1956,Turnover,8:23,17,Clear,8:33,Navy
1957,Clear,7:52,17,Shot,8:23,Navy
1958,Shot,7:40,17,Clear,7:52,Navy
1959,Clear,7:17,17,Turnover,7:40,opponent
1960,Turnover,7:12,17,Clear,7:15,Navy
1961,Clear,6:27,17,Turnover,7:12,Navy
1962,Turnover,6:09,17,Clear,6:24,opponent
1963,Clear,5:13,17,Shot,6:09,opponent
1964,Turnover,4:16,17,Goal,5:09,opponent
1965,Draw,3:32,17,Shot,0:00,opponent
1966,Shot,3:13,17,Clear,3:32,opponent
1967,Clear,3:13,17,Turnover,3:13,Navy
1968,Turnover,2:00,17,Turnover,3:13,opponent
1969,Turnover,1:40,17,Clear,2:00,Navy
1970,Clear,1:16,17,Turnover,1:40,Navy
1971,Turnover,1:13,17,Clear,1:16,opponent
1972,Clear,1:08,17,Turnover,1:13,opponent
1973,Turnover,1:02,17,Clear,1:04,Navy
1974,Clear,1:00,17,Turnover,1:02,Navy
1975,Turnover,0:13,17,Goal,1:00,opponent
1976,Draw,28:35:00,17,Turnover,0:00,opponent
1977,Turnover,28:19:00,17,Clear,28:35:00,Navy
1978,Clear,27:30:00,17,Shot,28:19:00,Navy
1979,Shot,27:19:00,17,Shot,27:30:00,Navy
1980,Turnover,27:04:00,17,Goal,27:16:00,Navy
1981,Draw,26:31:00,17,Goal,0:00,opponent
1982,Draw,25:30:00,17,Goal,0:00,Navy
1983,Draw,25:23:00,17,Turnover,0:00,Navy
1984,Turnover,25:18:00,17,Turnover,25:20:00,opponent
1985,Turnover,24:44:00,17,Goal,25:11:00,Navy
1986,Draw,23:51,17,Turnover,0:00,Navy
1987,Turnover,23:15,17,Clear,23:51,opponent
1988,Clear,23:14,17,Turnover,23:15,opponent
1989,Turnover,22:53,17,Clear,23:10,Navy
1990,Clear,22:10,17,Shot,22:53,Navy
1991,Shot,21:52,17,Clear,22:10,Navy
1992,Clear,21:23,17,Shot,21:52,opponent
1993,Turnover,20:57,17,Goal,21:17,opponent
1994,Draw,20:38,17,Turnover,0:00,Navy
1995,Turnover,20:31,17,Clear,20:38,opponent
1996,Clear,20:19,17,Goal,20:31,opponent
1997,Draw,19:40,17,Turnover,0:00,Navy
1998,Turnover,19:21,17,Clear,19:23,opponent
1999,Clear,19:19,17,Turnover,19:21,opponent
2000,Turnover,18:24,17,Shot,19:11,Navy
2001,Turnover,17:32,17,Goal,18:18,Navy
2002,Draw,17:12,17,Shot,0:00,Navy
2003,Turnover,17:07,17,Goal,16:59,Navy
2004,Draw,16:47,17,Turnover,0:00,Navy
2005,Turnover,16:34,17,Clear,16:47,opponent
2006,Clear,16:14,17,Shot,16:34,opponent
2007,Shot,15:41,17,Turnover,16:14,opponent
2008,Turnover,15:29,17,Clear,15:38,Navy
2009,Clear,14:59,17,Shot,15:29,Navy
2010,Shot,14:31,17,Turnover,14:59,Navy
2011,Turnover,14:17,17,Clear,14:29,opponent
2012,Clear,13:37,17,Goal,14:17,opponent
2013,Draw,13:23,17,Turnover,0:00,opponent
2014,Turnover,13:08,17,Clear,13:19,Navy
2015,Clear,13:02,17,Shot,13:08,Navy
2016,Turnover,12:43,17,Shot,12:58,Navy
2017,Shot,12:11,17,Goal,12:43,Navy
2018,Draw,12:01,17,Turnover,0:00,opponent
2019,Turnover,11:52,17,Clear,11:58,Navy
2020,Clear,11:08,17,Goal,11:52,Navy
2021,Draw,10:17,17,Shot,0:00,opponent
2022,Shot,10:02,17,Goal,10:17,opponent
2023,goal,9:28,17,Goal,10:02,opponent
2024,Draw,9:08,17,Clear,0:00,opponent
2025,Clear,8:26,17,Turnover,9:08,opponent
2026,Turnover,8:02,17,Clear,8:26,Navy
2027,Clear,7:46,17,Goal,8:02,Navy
2028,Draw,6:45,17,Shot,0:00,Navy
2029,Shot,6:27,17,Turnover,6:45,Navy
2030,Turnover,6:12,17,Clear,6:27,opponent
2031,Clear,5:55,17,Goal,6:12,opponent
2032,Draw,5:35,17,Shot,0:00,Navy
2033,Turnover,4:28,17,Goal,5:32,Navy
2034,Draw,3:47,17,Goal,0:00,opponent
2035,Draw,2:50,17,Shot,0:00,Navy
2036,Shot,2:41,17,Turnover,2:50,Navy
2037,Turnover,2:34,17,Clear,2:41,opponent
2038,Clear,1:59,17,Goal,2:34,opponent
2039,Draw,1:02,17,Turnover,0:00,opponent
2040,Draw,29:07:00,18,Turnover,0:00,opponent
2041,Turnover,29:01:00,18,Clear,29:07:00,Navy
2042,Clear,27:51:00,18,Turnover,29:01:00,Navy
2043,Turnover,27:51:00,18,Clear,27:51:00,opponent
2044,Clear,27:51:00,18,Shot,27:51:00,opponent
2045,Shot,26:23:00,18,Goal,27:51:00,opponent
2046,Draw,25:28:00,18,Shot,0:00,opponent
2047,Shot,25:21:00,18,Clear,25:28:00,opponent
2048,Clear,24:19:00,18,Shot,25:21:00,Navy
2049,Shot,24:06:00,18,Clear,24:19:00,Navy
2050,Clear,24:06:00,18,Turnover,24:06:00,opponent
2051,Turnover,23:47,18,Clear,24:06:00,Navy
2052,Clear,23:15,18,Goal,23:47,Navy
2053,Draw,23:10,18,Turnover,0:00,opponent
2054,Turnover,23:05,18,Clear,23:10,Navy
2055,Clear,22:53,18,Shot,23:05,Navy
2056,Shot,22:28,18,Turnover,22:53,Navy
2057,Turnover,22:15,18,Clear,22:25,opponent
2058,Clear,21:47,18,Shot,22:15,opponent
2059,Shot,20:51,18,Shot,21:47,opponent
2060,Shot,20:47,18,Clear,20:51,opponent
2061,Clear,20:35,18,Goal,20:47,Navy
2062,Draw,20:32,18,Turnover,0:00,Navy
2063,Turnover,20:05,18,Turnover,20:30,opponent
2064,Turnover,20:02,18,Clear,20:04,Navy
2065,Clear,19:19,18,Shot,20:02,Navy
2066,Shot,18:13,18,Goal,19:19,Navy
2067,Draw,17:52,18,Turnover,0:00,Navy
2068,Turnover,17:44,18,Clear,17:47,opponent
2069,Clear,16:39,18,Turnover,17:44,opponent
2070,Turnover,16:39,18,Clear,16:39,Navy
2071,Clear,15:24,18,Goal,16:39,Navy
2072,Draw,14:35,18,Goal,0:00,opponent
2073,Draw,14:11,18,Turnover,0:00,Navy
2074,Turnover,13:51,18,Clear,14:00,opponent
2075,Clear,12:25,18,Turnover,13:51,opponent
2076,Turnover,12:12,18,Clear,12:16,Navy
2077,Clear,12:19,18,Goal,12:12,Navy
2078,Draw,12:08,18,Turnover,0:00,Navy
2079,Turnover,12:01,18,Clear,12:05,opponent
2080,Clear,11:59,18,Turnover,12:01,opponent
2081,Turnover,11:21,18,Goal,11:54,Navy
2082,Draw,11:14,18,Turnover,0:00,Navy
2083,Turnover,11:00,18,Clear,11:12,opponent
2084,Clear,10:34,18,Goal,11:00,opponent
2085,Draw,9:37,18,Goal,0:00,Navy
2086,Draw,9:21,18,Clear,0:00,opponent
2087,Clear,9:21,18,Turnover,9:21,opponent
2088,Turnover,9:14,18,Shot,9:18,Navy
2089,Shot,8:43,18,Clear,9:14,Navy
2090,Clear,8:40,18,Turnover,8:43,opponent
2091,Turnover,8:30,18,Clear,8:34,Navy
2092,Clear,8:05,18,Goal,8:30,Navy
2093,Draw,7:49,18,Shot,0:00,Navy
2094,Shot,7:19,18,Shot,7:49,Navy
2095,Shot,7:07,18,Shot,7:19,Navy
2096,Shot,7:02,18,Goal,7:07,Navy
2097,Draw,6:16,18,Goal,0:00,Navy
2098,Draw,5:46,18,Goal,0:00,Navy
2099,Draw,5:31,18,Shot,0:00,Navy
2100,Shot,5:10,18,Turnover,5:31,Navy
2101,Turnover,5:06,18,Clear,5:08,opponent
2102,Clear,5:05,18,Turnover,5:06,opponent
2103,Turnover,3:31,18,Goal,4:59,Navy
2104,Draw,3:20,18,Turnover,0:00,Navy
2105,Turnover,3:05,18,Clear,3:16,opponent
2106,Clear,2:03,18,Turnover,3:05,opponent
2107,Turnover,1:58,18,Clear,2:00,Navy
2108,Turnover,0:39,18,Goal,1:37,Navy
2109,Draw,29:55:00,18,Shot,0:00,opponent
2110,Shot,29:40:00,18,Clear,29:55:00,opponent
2111,Clear,29:22:00,18,Shot,29:40:00,Navy
2112,Shot,29:08:00,18,Clear,29:22:00,Navy
2113,Clear,29:07:00,18,Turnover,29:08:00,opponent
2114,Turnover,28:59:00,18,Turnover,29:04:00,Navy
2115,Turnover,28:14:00,18,Turnover,28:59:00,opponent
2116,Turnover,27:48:00,18,Clear,28:14:00,Navy
2117,Clear,26:19:00,18,Shot,27:48:00,Navy
2118,Turnover,26:10:00,18,Shot,26:14:00,Navy
2119,Turnover,26:06:00,18,Clear,26:00:00,opponent
2120,Clear,25:01:00,18,Shot,26:06:00,opponent
2121,Shot,24:48:00,18,Turnover,25:01:00,opponent
2122,Turnover,24:07:00,18,Clear,24:46:00,Navy
2123,Clear,24:00:00,18,Turnover,24:07:00,Navy
2124,Turnover,23:49,18,Clear,23:53,opponent
2125,Clear,23:40,18,Goal,23:49,opponent
2126,Draw,23:20,18,Turnover,0:00,Navy
2127,Turnover,23:15,18,Clear,23:17,opponent
2128,Clear,23:13,18,Turnover,23:15,opponent
2129,Turnover,23:10,18,Clear,23:13,Navy
2130,Clear,23:08,18,Turnover,23:10,Navy
2131,Turnover,22:53,18,Clear,23:04,opponent
2132,Clear,22:33,18,Shot,22:53,opponent
2133,Turnover,20:51,18,Clear,22:06,Navy
2134,Clear,20:50,18,Turnover,20:51,Navy
2135,Turnover,20:43,18,Turnover,20:46,opponent
2136,Turnover,20:36,18,Clear,20:39,Navy
2137,Clear,19:16,18,Turnover,20:36,Navy
2138,Turnover,18:26,18,Clear,19:16,opponent
2139,Clear,17:44,18,Shot,18:26,opponent
2140,Shot,17:11,18,Clear,17:44,opponent
2141,Clear,17:04,18,Shot,17:11,Navy
2142,Turnover,16:48,18,Clear,16:59,opponent
2143,Clear,15:53,18,Shot,16:48,opponent
2144,Shot,15:11,18,Clear,15:53,opponent
2145,Clear,14:53,18,Turnover,15:11,Navy
2146,Turnover,14:46,18,Clear,14:47,opponent
2147,Clear,13:43,18,Goal,14:46,opponent
2148,Draw,13:06,18,Shot,0:00,Navy
2149,Shot,13:03,18,Shot,13:06,Navy
2150,Shot,12:35,18,Turnover,13:03,Navy
2151,Turnover,12:29,18,Clear,12:30,opponent
2152,Clear,12:28,18,Turnover,12:29,opponent
2153,Turnover,12:17,18,Turnover,12:25,Navy
2154,Turnover,12:06,18,Clear,12:10,opponent
2155,Clear,10:42,18,Turnover,12:06,opponent
2156,Turnover,10:00,18,Clear,10:42,Navy
2157,Clear,9:04,18,Turnover,10:00,Navy
2158,Turnover,8:54,18,Clear,9:01,opponent
2159,Clear,8:22,18,Turnover,8:54,opponent
2160,Turnover,8:04,18,Clear,8:20,Navy
2161,Clear,6:16,18,Turnover,8:04,Navy
2162,Turnover,6:07,18,Clear,6:16,opponent
2163,Clear,5:51,18,Shot,6:07,opponent
2164,Shot,4:53,18,Shot,5:51,opponent
2165,Shot,4:25,18,Clear,4:53,opponent
2166,Clear,3:34,18,Shot,4:25,Navy
2167,Turnover,3:17,18,Shot,3:23,Navy
2168,Shot,2:55,18,Goal,3:17,Navy
2169,Draw,2:21,18,Shot,0:00,Navy
2170,Shot,1:51,18,Clear,2:21,Navy
2171,Clear,1:33,18,Shot,1:51,opponent
2172,Shot,1:26,18,Turnover,1:33,opponent
2173,Turnover,1:13,18,Clear,1:23,Navy
2174,Clear,1:12,18,Turnover,1:13,Navy
2175,Turnover,0:54,18,Clear,1:03,opponent
2176,Clear,0:11,18,Goal,0:54,opponent
2177,Draw,29:42:00,19,Turnover,0:00,opponent
2178,Turnover,29:16:00,19,Goal,29:42:00,Navy
2179,Draw,28:55:00,19,Turnover,0:00,opponent
2180,Turnover,28:43:00,19,Clear,28:48:00,Navy
2181,Clear,28:12:00,19,Shot,28:43:00,Navy
2182,Shot,27:24:00,19,Shot,28:12:00,Navy
2183,Turnover,27:19:00,19,Turnover,27:24:00,Navy
2184,Turnover,26:59:00,19,Clear,27:19:00,opponent
2185,Clear,25:54:00,19,Shot,26:59:00,opponent
2186,Shot,25:34:00,19,Shot,25:54:00,opponent
2187,Shot,25:28:00,19,Shot,25:34:00,opponent
2188,Shot,25:19:00,19,Turnover,25:28:00,opponent
2189,Turnover,24:52:00,19,Clear,25:19:00,Navy
2190,Clear,24:23:00,19,Shot,24:52:00,Navy
2191,Shot,24:06:00,19,Turnover,24:23:00,Navy
2192,Turnover,23:59,19,Clear,24:02:00,opponent
2193,Clear,23:08,19,Shot,23:59,opponent
2194,Shot,22:42,19,Turnover,23:08,opponent
2195,Turnover,22:30,19,Clear,22:42,Navy
2196,Clear,21:01,19,Shot,22:30,Navy
2197,Shot,21:22,19,Clear,21:01,Navy
2198,Clear,21:12,19,Turnover,21:22,opponent
2199,Turnover,20:56,19,Clear,21:00,Navy
2200,Clear,20:24,19,Goal,20:56,Navy
2201,Draw,18:57,19,Shot,0:00,Navy
2202,Turnover,18:17,19,Turnover,18:43,Navy
2203,Turnover,18:29,19,Clear,18:08,opponent
2204,Clear,17:46,19,Shot,18:29,opponent
2205,Shot,17:36,19,Clear,17:46,opponent
2206,Clear,17:31,19,Turnover,17:36,Navy
2207,Turnover,16:21,19,Turnover,17:26,opponent
2208,Turnover,16:09,19,Clear,16:13,Navy
2209,Clear,16:06,19,Shot,16:09,Navy
2210,Turnover,15:50,19,Clear,16:02,opponent
2211,Clear,15:05,19,Goal,15:50,opponent
2212,Draw,14:40,19,Shot,0:00,opponent
2213,Turnover,14:09,19,Clear,14:36,Navy
2214,Clear,13:52,19,Shot,14:09,Navy
2215,Turnover,13:43,19,Clear,13:49,opponent
2216,Clear,12:46,19,Shot,13:43,opponent
2217,Turnover,12:28,19,Clear,12:40,Navy
2218,Clear,11:17,19,Turnover,12:28,Navy
2219,Turnover,11:08,19,Clear,11:13,opponent
2220,Clear,10:58,19,Turnover,11:08,opponent
2221,Turnover,10:37,19,Clear,10:52,Navy
2222,Clear,10:13,19,Goal,10:37,Navy
2223,Draw,9:25,19,Shot,0:00,Navy
2224,Turnover,9:16,19,Turnover,9:21,Navy
2225,Turnover,8:54,19,Clear,9:02,opponent
2226,Clear,8:37,19,Turnover,8:54,opponent
2227,Turnover,8:28,19,Clear,8:32,Navy
2228,Clear,8:14,19,Goal,8:28,Navy
2229,Draw,7:38,19,Goal,0:00,opponent
2230,Draw,7:15,19,Turnover,0:00,Navy
2231,Turnover,7:06,19,Clear,7:15,opponent
2232,Clear,7:00,19,Turnover,7:06,opponent
2233,Turnover,6:22,19,Turnover,7:00,Navy
2234,Turnover,5:43,19,Clear,6:14,opponent
2235,Clear,4:51,19,Turnover,5:43,opponent
2236,Turnover,4:37,19,Clear,4:51,Navy
2237,Clear,4:13,19,Turnover,4:37,Navy
2238,Turnover,4:01,19,Clear,4:09,opponent
2239,Clear,3:18,19,Goal,4:01,opponent
2240,Draw,2:17,19,Goal,0:00,opponent
2241,Draw,1:33,19,Turnover,0:00,opponent
2242,Turnover,1:08,19,Clear,1:28,Navy
2243,Clear,1:06,19,Turnover,1:08,Navy
2244,Turnover,0:46,19,Goal,1:06,opponent
2245,Draw,0:43,19,Turnover,0:00,Navy
2246,Turnover,0:21,19,Goal,0:39,opponent
2247,Draw,0:03,19,Turnover,0:00,Navy
2248,Turnover,0:00,19,Turnover,0:00,opponent
2249,Turnover,0:00,19,Shot,0:00,Navy
2250,Draw,29:17:00,19,Goal,0:00,Navy
2251,Draw,27:54:00,19,Goal,0:00,opponent
2252,Draw,27:17:00,19,Shot,0:00,opponent
2253,Turnover,26:38:00,19,Goal,27:14:00,opponent
2254,Draw,25:34:00,19,Goal,0:00,Navy
2255,Draw,24:41:00,19,Shot,0:00,Navy
2256,Shot,23:31,19,Goal,24:41:00,opponent
2257,Draw,23:05,19,Turnover,0:00,Navy
2258,Turnover,22:54,19,Clear,23:01,opponent
2259,Clear,22:45,19,Turnover,22:54,opponent
2260,Turnover,21:48,19,Clear,22:39,Navy
2261,Clear,22:33,19,Turnover,21:48,Navy
2262,Turnover,21:18,19,Turnover,22:33,opponent
2263,Turnover,20:57,19,Clear,21:18,Navy
2264,Clear,20:39,19,Turnover,20:57,Navy
2265,Turnover,20:20,19,Clear,20:36,opponent
2266,Clear,19:48,19,Shot,20:20,opponent
2267,Turnover,19:38,19,Turnover,19:44,Navy
2268,Turnover,19:30,19,Clear,19:38,opponent
2269,Turnover,18:41,19,Goal,19:24,opponent
2270,Draw,18:11,19,Shot,0:00,opponent
2271,Shot,17:52,19,Clear,18:11,opponent
2272,Clear,17:36,19,Shot,17:52,Navy
2273,Turnover,17:31,19,Shot,17:33,Navy
2274,Shot,17:07,19,Goal,17:31,Navy
2275,Draw,16:31,19,Goal,0:00,Navy
2276,Draw,16:29,19,Shot,0:00,Navy
2277,Turnover,15:16,19,Goal,16:24,opponent
2278,Draw,14:31,19,Shot,0:00,Navy
2279,Turnover,12:26,19,Turnover,14:08,Navy
2280,Turnover,12:19,19,Clear,12:26,opponent
2281,Clear,11:42,19,Goal,12:19,opponent
2282,Draw,11:02,19,Shot,0:00,Navy
2283,Turnover,10:37,19,Goal,11:02,Navy
2284,Draw,10:27,19,Goal,0:00,opponent
2285,Draw,10:01,19,Goal,0:00,Navy
2286,Draw,9:17,19,Turnover,0:00,opponent
2287,Turnover,9:10,19,Clear,9:12,Navy
2288,Clear,9:04,19,Turnover,9:10,Navy
2289,Turnover,8:51,19,Clear,9:00,opponent
2290,Clear,7:54,19,Shot,8:51,opponent
2291,Turnover,6:36,19,Shot,7:54,opponent
2292,Shot,6:21,19,Shot,6:36,opponent
2293,Shot,6:21,19,Turnover,6:21,opponent
2294,Turnover,6:21,19,Clear,6:21,Navy
2295,Clear,6:21,19,Shot,6:21,Navy
2296,Shot,4:57,19,Goal,6:21,Navy
2297,Draw,4:01,19,Shot,0:00,Navy
2298,Shot,3:26,19,Clear,4:01,Navy
2299,Clear,2:28,19,Goal,3:26,opponent
2300,Draw,1:01,19,Goal,0:00,opponent
2301,Draw,0:45,19,Shot,0:00,Navy
2302,Turnover,0:27,19,Goal,0:42,Navy
2303,Draw,29:16:00,20,Turnover,0:00,Navy
2304,Turnover,28:51:00,20,Turnover,29:12:00,opponent
2305,Turnover,28:47:00,20,Clear,28:51:00,Navy
2306,Turnover,27:52:00,20,Goal,28:45:00,Navy
2307,Draw,27:38:00,20,Goal,0:00,opponent
2308,Draw,27:30:00,20,Turnover,0:00,Navy
2309,Turnover,26:43:00,20,Shot,27:28:00,opponent
2310,Shot,26:25:00,20,Clear,26:43:00,opponent
2311,Clear,26:01:00,20,Shot,26:25:00,Navy
2312,Shot,25:22:00,20,Shot,26:01:00,Navy
2313,Turnover,25:17:00,20,Shot,25:20:00,Navy
2314,Shot,25:09:00,20,Turnover,25:17:00,opponent
2315,Turnover,25:04:00,20,Shot,25:09:00,opponent
2316,Shot,24:35:00,20,Clear,25:04:00,opponent
2317,Clear,24:01:00,20,Turnover,24:35:00,opponent
2318,Turnover,23:38,20,Clear,24:01:00,Navy
2319,Clear,23:02,20,Turnover,23:38,Navy
2320,Turnover,22:46,20,Clear,23:02,opponent
2321,Clear,22:43,20,Goal,22:46,opponent
2322,Draw,21:37,20,Shot,0:00,Navy
2323,Shot,21:26,20,Turnover,21:37,opponent
2324,Turnover,19:36,20,Clear,21:26,Navy
2325,Turnover,20:49,20,Shot,21:23,Navy
2326,Turnover,20:01,20,Goal,20:43,opponent
2327,Draw,18:48,20,Turnover,0:00,opponent
2328,Turnover,18:26,20,Clear,18:44,Navy
2329,Clear,17:36,20,Goal,18:26,Navy
2330,Draw,16:05,20,Shot,0:00,Navy
2331,Turnover,15:48,20,Clear,16:02,opponent
2332,Clear,15:04,20,Goal,15:48,opponent
2333,Draw,14:25,20,Turnover,0:00,Navy
2334,Turnover,14:14,20,Clear,14:23,opponent
2335,Clear,13:20,20,Shot,14:14,opponent
2336,Shot,12:59,20,Goal,13:20,opponent
2337,Draw,12:13,20,Goal,0:00,Navy
2338,Draw,11:43,20,Turnover,0:00,Navy
2339,Turnover,11:13,20,Clear,11:40,opponent
2340,Clear,10:53,20,Shot,11:13,opponent
2341,Shot,10:30,20,Goal,10:53,opponent
2342,Draw,9:54,20,Shot,0:00,opponent
2343,Shot,9:38,20,Goal,9:54,opponent
2344,Draw,8:39,20,Goal,0:00,Navy
2345,Draw,7:45,20,Goal,0:00,opponent
2346,Draw,7:40,20,Turnover,0:00,opponent
2347,Turnover,7:22,20,Clear,7:40,Navy
2348,Clear,6:22,20,Turnover,7:22,Navy
2349,Turnover,6:00,20,Clear,6:20,opponent
2350,Clear,5:02,20,Turnover,6:00,opponent
2351,Turnover,4:52,20,Clear,5:02,Navy
2352,Clear,3:56,20,Shot,4:52,Navy
2353,Shot,3:36,20,Goal,3:56,Navy
2354,Draw,2:49,20,Shot,0:00,Navy
2355,Shot,2:26,20,Clear,2:49,Navy
2356,Clear,1:52,20,Goal,2:26,opponent
2357,Draw,1:08,20,Shot,0:00,opponent
2358,Shot,0:45,20,Turnover,1:08,opponent
2359,Turnover,0:37,20,Clear,0:41,Navy
2360,Clear,0:31,20,Turnover,0:37,Navy
2361,Turnover,0:06,20,Shot,0:31,opponent
2362,Turnover,0:00,20,Shot,0:03,opponent
2363,Draw,29:08:00,20,Shot,0:00,Navy
2364,Shot,27:54:00,20,Shot,29:08:00,Navy
2365,Shot,27:42:00,20,Shot,27:54:00,Navy
2366,Shot,27:29:00,20,Shot,27:42:00,Navy
2367,Shot,27:05:00,20,Clear,27:29:00,Navy
2368,Clear,26:18:00,20,Goal,27:05:00,opponent
2369,Draw,25:37:00,20,Turnover,0:00,Navy
2370,Turnover,25:21:00,20,Clear,25:34:00,opponent
2371,Clear,24:58:00,20,Goal,25:21:00,opponent
2372,Draw,24:21:00,20,Shot,0:00,Navy
2373,Shot,24:01:00,20,Turnover,24:21:00,opponent
2374,Turnover,23:38,20,Turnover,23:57,Navy
2375,Turnover,22:12,20,Shot,23:38,opponent
2376,Shot,22:00,20,Turnover,22:12,opponent
2377,Turnover,21:56,20,Shot,22:00,opponent
2378,Shot,21:50,20,Clear,21:56,opponent
2379,Clear,21:46,20,Goal,21:50,Navy
2380,Turnover,20:21,20,Goal,21:43,Navy
2381,Draw,19:44,20,Goal,0:00,opponent
2382,Draw,18:32,20,Turnover,0:00,Navy
2383,Turnover,18:17,20,Clear,18:29,opponent
2384,Clear,17:17,20,Shot,18:17,opponent
2385,Shot,16:58,20,Clear,17:17,opponent
2386,Clear,16:44,20,Turnover,16:58,Navy
2387,Turnover,16:11,20,Clear,16:44,opponent
2388,Turnover,16:12,20,Goal,16:40,opponent
2389,Draw,15:22,20,Shot,0:00,opponent
2390,Turnover,15:03,20,Clear,15:18,Navy
2391,Clear,14:40,20,Goal,15:03,Navy
2392,Draw,14:05,20,Goal,0:00,Navy
2393,Draw,13:10,20,Shot,0:00,Navy
2394,Shot,13:02,20,Goal,13:10,Navy
2395,Draw,11:26,20,Turnover,0:00,opponent
2396,Turnover,11:22,20,Shot,11:26,opponent
2397,Shot,11:04,20,Clear,11:22,opponent
2398,Clear,10:24,20,Turnover,11:04,opponent
2399,Turnover,10:06,20,Clear,10:21,Navy
2400,Clear,9:25,20,Turnover,10:06,Navy
2401,Turnover,9:12,20,Clear,9:21,opponent
2402,Clear,8:18,20,Goal,9:12,opponent
2403,Draw,7:21,20,Shot,0:00,Navy
2404,Turnover,7:09,20,Shot,7:16,Navy
2405,Turnover,5:50,20,Goal,7:05,Navy
2406,Draw,5:31,20,Turnover,0:00,Navy
2407,Turnover,5:05,20,Clear,5:28,opponent
2408,Clear,4:16,20,Turnover,5:05,opponent
2409,Turnover,4:00,20,Clear,4:16,Navy
2410,Clear,3:20,20,Goal,4:00,Navy
2411,Draw,1:57,20,Goal,0:00,opponent
2412,Draw,1:06,20,Turnover,0:00,Navy
2413,Turnover,0:55,20,Clear,1:03,opponent
2414,Clear,0:28,20,Turnover,0:55,opponent
2415,Turnover,0:15,20,Clear,0:28,Navy
2416,Clear,0:03,20,Shot,0:15,Navy
